OBJECTID,TOTPOP_CY,WHITE_CY,BLACK_CY,AMERIND_CY,ASIAN_CY,PACIFIC_CY,OTHRACE_CY,RACE2UP_CY,DIVINDX_CY,GEOID10,County,x,y
1,8288,5845,71,111,94,15,1924,228,74.7,41049970100,Morrow,,
2,3234,2954,5,37,10,0,134,94,26.6,41049970200,Morrow,,
3,3156,2719,18,51,67,2,206,93,42.4,41007950100,Clatsop,,
4,3697,3433,28,26,61,2,40,107,21.2,41007950200,Clatsop,,
5,3088,2587,60,50,66,23,155,147,46.8,41007950300,Clatsop,,
6,3557,3341,17,46,26,6,37,84,17.1,41007950400,Clatsop,,
7,4817,4405,26,68,56,37,88,137,25.1,41007950500,Clatsop,,
8,2565,2350,23,22,21,3,68,78,24.8,41007950600,Clatsop,,
9,2097,1931,6,14,19,3,71,53,26.3,41007950700,Clatsop,,
10,2344,2216,8,16,27,1,17,59,15.3,41007951300,Clatsop,,
11,3089,2900,8,28,25,3,34,91,20.8,41007951200,Clatsop,,
12,4540,3992,43,46,50,4,258,147,39.5,41007950900,Clatsop,,
14,4612,4103,13,33,67,7,287,102,35.8,41007951100,Clatsop,,
15,4089,3797,18,39,58,3,33,141,20.9,41003010200,Benton,,
16,4890,4134,89,41,202,19,201,204,40.1,41003000600,Benton,,
17,8653,8086,49,63,153,14,83,205,19.2,41003010100,Benton,,
18,3240,3002,19,13,91,3,18,94,19,41003000500,Benton,,
19,7144,6036,109,53,248,25,369,304,44.4,41003000100,Benton,,
20,3810,3492,13,37,25,3,152,88,29.6,41003010400,Benton,,
21,3217,3027,5,37,24,0,28,96,16.1,41003010300,Benton,,
22,5295,4579,36,26,372,19,87,176,32.1,41003000900,Benton,,
23,8030,6945,86,38,621,8,88,244,31.1,41003000400,Benton,,
24,3880,2980,49,59,205,19,411,157,61.7,41003001001,Benton,,
25,3196,2717,31,18,213,7,74,136,35.8,41003001002,Benton,,
26,3787,3126,49,34,369,11,49,149,37.8,41003001101,Benton,,
27,4659,3817,58,23,461,14,76,210,39.2,41003001102,Benton,,
28,5271,4619,55,31,304,13,70,179,28.8,41003000202,Benton,,
29,3615,2871,73,27,387,32,63,162,42.6,41003010702,Benton,,
30,3507,3154,26,45,26,0,118,138,31,41003010800,Benton,,
31,5475,4322,91,59,541,37,152,273,45.6,41003010600,Benton,,
32,4968,4376,67,18,239,13,77,178,30,41003010900,Benton,,
33,4304,3299,26,74,54,18,675,158,65.8,41027950100,Hood River,,
34,6907,6067,27,32,133,9,447,192,43.4,41027950200,Hood River,,
35,5941,5134,41,43,80,5,451,187,55.2,41027950300,Hood River,,
36,5716,4375,28,49,51,13,988,212,70.7,41027950400,Hood River,,
37,2401,2237,0,39,9,1,37,78,19,41059951400,Umatilla,,
38,4387,3892,20,91,43,10,171,160,33.5,41059950500,Umatilla,,
39,7597,5380,40,63,42,2,1860,210,74.5,41059950200,Umatilla,,
40,2447,2108,7,115,16,4,86,111,37.5,41059950700,Umatilla,,
41,4470,3271,27,51,22,3,997,99,72.1,41059950900,Umatilla,,
42,5776,4486,51,64,66,21,928,160,64.6,41059951100,Umatilla,,
43,7914,5982,171,110,43,10,1317,281,69.2,41059950800,Umatilla,,
44,4241,3799,5,44,42,1,250,100,36.6,41059950100,Umatilla,,
45,6409,4681,45,86,64,6,1333,194,72,41059951000,Umatilla,,
46,6306,5539,173,179,89,9,160,157,36.5,41059950400,Umatilla,,
47,7998,7412,23,78,59,14,163,249,23.5,41071030400,Yamhill,,
48,4500,3653,18,51,37,1,607,133,59.9,41071030900,Yamhill,,
49,4148,3632,26,100,26,6,200,158,37.5,41071031000,Yamhill,,
50,7434,5997,46,96,79,11,923,282,58.3,41071030702,Yamhill,,
51,5301,4014,43,84,62,7,878,213,65.6,41071030801,Yamhill,,
52,4547,3563,80,57,142,20,472,213,62.3,41071030802,Yamhill,,
53,6391,4876,362,236,117,59,466,275,57,41071030501,Yamhill,,
54,6418,5159,63,79,74,14,805,224,58.6,41071030202,Yamhill,,
55,5167,4284,35,359,108,3,126,252,39.6,41071030502,Yamhill,,
56,7916,6827,41,99,132,16,601,200,43.1,41071030701,Yamhill,,
57,6147,5061,58,58,202,24,520,224,49.9,41071030201,Yamhill,,
58,2193,2088,6,2,25,1,28,43,18.6,41071030302,Yamhill,,
59,7752,6997,57,50,138,8,289,213,29.7,41071030102,Yamhill,,
60,6151,5377,41,54,114,22,371,172,41.3,41071030602,Yamhill,,
61,3590,2839,22,50,22,5,497,155,61.5,41071030601,Yamhill,,
62,5785,5194,24,27,157,6,183,194,30,41071030101,Yamhill,,
63,9823,8680,41,110,111,8,560,313,41.1,41071030301,Yamhill,,
64,2989,1368,17,1403,8,1,23,169,61.1,41059940000,Umatilla,,
65,8778,6393,53,102,162,24,1729,315,71.4,41059951200,Umatilla,,
66,3744,2803,9,45,5,7,748,127,66.1,41059951300,Umatilla,,
67,2807,2565,7,57,12,0,100,66,27.9,41059950300,Umatilla,,
68,6309,5436,53,213,88,5,274,240,38.5,41059950600,Umatilla,,
69,2489,2348,9,19,28,0,17,68,15.9,41057960200,Tillamook,,
70,2355,2195,1,19,22,1,64,53,23.3,41057960300,Tillamook,,
71,2563,2404,10,21,13,0,47,68,20.9,41057960700,Tillamook,,
72,3579,3342,14,25,38,5,51,104,21.9,41057960100,Tillamook,,
73,7644,6726,59,108,65,48,450,188,42,41057960400,Tillamook,,
74,2157,1823,1,33,20,4,208,68,49.6,41057960500,Tillamook,,
75,2163,2033,6,25,11,0,49,39,23.3,41057960600,Tillamook,,
77,2500,2310,1,25,30,1,83,50,28.1,41057960800,Tillamook,,
78,3676,3332,16,30,21,3,162,112,32,41039000404,Lane,,
79,4828,4496,17,49,29,7,58,172,20.2,41029002800,Jackson,,
80,7475,6981,46,93,43,0,96,216,20.5,41029002900,Jackson,,
81,7554,6536,82,106,72,14,432,312,44.8,41029001700,Jackson,,
82,5768,5116,73,52,127,20,175,205,34.2,41029000602,Jackson,,
83,9753,8441,59,89,132,27,577,428,42.7,41029000700,Jackson,,
84,5791,4939,66,89,51,10,439,197,46.7,41029000800,Jackson,,
85,3900,3395,47,46,71,27,161,153,39.8,41029001200,Jackson,,
86,9454,7569,56,119,110,10,1260,330,58.3,41029001302,Jackson,,
87,4695,4468,16,29,34,5,56,87,16.3,41029001500,Jackson,,
88,5095,4160,96,57,42,10,543,187,54.6,41029001301,Jackson,,
89,5584,4464,92,79,69,21,638,221,58.9,41029000300,Jackson,,
90,5794,5245,23,97,59,14,178,178,31.9,41029001100,Jackson,,
91,6970,6286,49,75,174,28,85,273,28.7,41029000601,Jackson,,
92,2689,2504,9,19,23,5,41,88,20.4,41029002500,Jackson,,
93,3399,3157,31,31,63,5,22,90,20.6,41029002100,Jackson,,
94,4690,4330,37,49,84,12,41,137,21.2,41029002200,Jackson,,
95,8478,7687,43,90,97,21,297,243,32.5,41029000900,Jackson,,
96,2182,1927,20,30,36,2,88,79,36.2,41029002400,Jackson,,
97,7116,6698,27,81,28,8,69,205,19.2,41029002700,Jackson,,
98,3949,3705,15,32,24,5,45,123,19.3,41029003001,Jackson,,
99,7874,7028,96,49,201,18,120,362,28.8,41029001800,Jackson,,
100,4068,3225,44,67,22,6,478,226,59.3,41029000203,Jackson,,
101,2837,2625,5,69,9,6,26,97,23.3,41029002600,Jackson,,
102,10522,9687,24,138,98,10,201,364,26.7,41029001400,Jackson,,
103,4853,3925,73,45,475,10,55,270,40.5,41039004800,Lane,,
104,3950,3597,10,63,62,9,60,149,25.9,41039001202,Lane,,
105,4588,4187,43,71,28,3,56,200,24.3,41039001500,Lane,,
106,5396,4826,40,67,95,5,134,229,30.7,41039001801,Lane,,
107,5019,4720,11,42,43,3,28,172,15.2,41039000200,Lane,,
108,4050,3524,49,47,80,14,161,175,41.6,41039003202,Lane,,
109,2582,2385,5,24,23,5,21,119,19.7,41039001400,Lane,,
110,2381,2161,8,21,36,7,57,91,27.3,41039000300,Lane,,
111,3647,3208,35,35,141,1,62,165,30.6,41039003600,Lane,,
112,4992,4542,35,73,30,9,140,163,28.8,41039000403,Lane,,
113,4933,4091,73,80,63,16,345,265,49.3,41039003400,Lane,,
114,5175,4755,38,62,34,10,51,225,22.1,41039001600,Lane,,
115,5269,4950,28,63,44,9,33,142,17.8,41039000100,Lane,,
116,6562,5335,133,84,131,65,420,394,50.3,41039002102,Lane,,
117,4531,4207,11,77,33,0,85,118,23,41053020204,Polk,,
118,2899,2668,14,49,23,5,27,113,24,41053020203,Polk,,
119,6163,5040,26,569,23,11,108,386,38.8,41053020400,Polk,,
120,9553,7093,45,166,90,15,1774,370,69.5,41053020302,Polk,,
121,9203,7883,91,75,314,51,374,415,41.7,41053005202,Polk,,
122,9137,7885,102,88,309,19,338,396,39.3,41053005201,Polk,,
123,2004,1799,45,10,35,6,27,82,26.7,41029002000,Jackson,,
124,5063,4738,15,71,42,2,55,140,19.9,41029003002,Jackson,,
125,1782,1264,40,60,26,20,275,97,69.6,41029000100,Jackson,,
126,1739,1619,4,15,25,3,12,61,18.4,41029002300,Jackson,,
127,3690,2735,72,73,16,19,560,215,67.6,41029000202,Jackson,,
128,3018,2511,69,54,84,18,92,190,42.3,41029001900,Jackson,,
129,3739,2794,81,81,22,14,576,171,67.6,41029000201,Jackson,,
130,4478,3869,37,50,84,71,225,142,41.3,41029000406,Jackson,,
131,4622,4354,9,44,33,5,23,154,16.4,41039000902,Lane,,
132,4301,3935,17,45,49,9,90,156,24.5,41039001002,Lane,,
133,4453,3986,27,69,53,12,132,174,31.8,41039003500,Lane,,
134,5907,4814,120,81,131,9,368,384,50.3,41039004401,Lane,,
135,2649,2489,17,20,28,5,10,80,16.5,41039001001,Lane,,
136,6562,5479,78,122,94,16,454,319,47.4,41039004300,Lane,,
137,3559,2893,66,92,33,9,226,240,51.2,41039004200,Lane,,
138,4057,3697,10,51,48,3,115,133,27.7,41039001201,Lane,,
139,7400,5926,225,74,579,15,158,423,43.2,41039003102,Lane,,
140,2583,2319,31,16,63,4,30,120,26.4,41039005300,Lane,,
141,4106,3554,37,46,55,4,212,198,41,41039002800,Lane,,
142,2165,1636,14,69,17,9,301,119,64.4,41053005100,Polk,,
143,6512,5992,14,128,45,8,139,186,27.3,41053020202,Polk,,
144,8874,7815,67,92,234,13,331,322,35.2,41053005300,Polk,,
145,6616,5456,72,93,211,28,483,273,49.5,41053020304,Polk,,
146,4737,3855,84,59,184,29,294,232,47.8,41053020303,Polk,,
147,6724,6284,15,100,72,11,97,145,21,41053020500,Polk,,
148,5187,4415,78,84,88,28,248,246,45.1,41029000502,Jackson,,
149,4244,3695,23,70,42,18,221,175,40.3,41029001002,Jackson,,
150,4726,4324,21,32,150,9,84,106,26.2,41029000404,Jackson,,
151,6195,5178,57,78,52,14,520,296,50.2,41029001602,Jackson,,
152,3722,2962,26,59,37,13,512,113,59.6,41029001601,Jackson,,
153,2916,2499,38,42,32,8,161,136,44.5,41029000501,Jackson,,
154,3829,3524,18,33,76,11,69,98,23.9,41029000403,Jackson,,
155,3979,3430,35,50,62,43,154,205,41.4,41029000405,Jackson,,
156,6583,5885,36,66,71,37,255,233,35.3,41029001001,Jackson,,
157,6888,5232,115,28,1039,29,94,351,45.8,41039003800,Lane,,
158,2520,2128,38,36,32,3,123,160,42.8,41039004000,Lane,,
159,3906,3548,37,18,126,13,43,121,24.7,41039002401,Lane,,
160,5123,4356,32,65,68,12,331,259,43.7,41039001904,Lane,,
161,6781,5697,73,95,136,35,344,401,43.3,41039002600,Lane,,
162,3789,3455,23,30,35,12,76,158,28.7,41039001804,Lane,,
163,5634,5093,15,46,68,6,204,202,28.9,41039001101,Lane,,
164,3878,3617,21,38,24,4,73,101,21.2,41039001102,Lane,,
165,2639,2360,24,15,116,1,25,98,28.5,41039002903,Lane,,
166,3981,3477,47,61,57,4,153,182,36.7,41039002301,Lane,,
167,2521,2177,34,36,100,5,47,122,34.9,41039004501,Lane,,
168,3249,2650,30,56,37,8,307,161,50.6,41039003301,Lane,,
169,2547,2400,15,25,27,5,21,54,16.3,41039000706,Lane,,
170,4305,3936,29,33,103,17,37,150,25.5,41039002403,Lane,,
171,4121,3479,36,81,49,9,201,266,43.1,41039002700,Lane,,
172,5172,4644,44,27,194,9,44,210,25.5,41039005400,Lane,,
173,4930,4275,57,93,115,22,170,198,39,41039002501,Lane,,
174,2997,2558,23,49,12,3,209,143,44.2,41039001903,Lane,,
175,3022,2521,86,49,87,15,117,147,41,41039003900,Lane,,
176,5374,4987,20,66,72,5,59,165,19,41039001700,Lane,,
177,5415,4988,26,68,38,16,89,190,23,41039000903,Lane,,
178,2556,2396,9,33,18,4,13,83,16.9,41039000702,Lane,,
179,3393,3133,16,32,28,1,82,101,23.3,41039001301,Lane,,
180,3458,3181,14,42,19,8,88,106,23.4,41039000402,Lane,,
181,4719,3740,116,53,160,27,318,305,53,41039004403,Lane,,
182,3123,2865,13,41,40,6,67,91,25.5,41039002001,Lane,,
183,3838,3461,23,43,67,2,90,152,28.5,41039004100,Lane,,
184,5730,5034,81,38,306,11,56,204,29.4,41039002202,Lane,,
185,3077,2802,3,56,35,4,58,119,25.4,41039000904,Lane,,
186,6094,5275,87,50,303,25,100,254,32.7,41039003101,Lane,,
187,2798,2365,36,49,60,7,149,132,43.8,41039002101,Lane,,
188,5189,4737,17,69,53,0,96,217,26.2,41039001302,Lane,,
189,1589,1483,3,18,16,0,8,61,17.1,41039000800,Lane,,
190,2179,2063,2,32,18,0,3,61,15.3,41039000500,Lane,,
191,3084,2639,41,50,91,5,51,207,35.6,41039005100,Lane,,
192,2252,2053,13,11,72,0,5,98,22.5,41039005200,Lane,,
193,3629,3257,46,37,89,3,58,139,26.8,41039004700,Lane,,
194,4342,3844,55,20,201,7,43,172,27.8,41039004900,Lane,,
195,2712,2409,49,23,49,2,36,144,29.6,41039004600,Lane,,
196,5055,4400,42,68,96,22,192,235,37.5,41039002002,Lane,,
197,5178,4563,64,47,173,8,103,220,30.6,41039005000,Lane,,
198,4036,3569,58,56,55,19,111,168,34.2,41039002404,Lane,,
199,3852,3370,54,32,104,14,53,225,32.3,41039002902,Lane,,
200,3634,3275,27,31,143,10,37,111,25.9,41039002201,Lane,,
201,3134,2634,52,46,44,4,183,171,46.7,41039003201,Lane,,
202,4480,4002,55,21,157,7,70,168,27.7,41039003000,Lane,,
203,6589,5521,91,105,70,29,459,314,48.5,41039001902,Lane,,
204,3973,3602,40,41,18,7,80,185,27,41039001803,Lane,,
205,4090,3379,53,22,382,9,63,182,38.3,41039003700,Lane,,
206,4629,4125,41,40,83,12,133,195,31.8,41039002302,Lane,,
207,2259,2088,13,46,15,1,25,71,20.7,41039000708,Lane,,
208,4115,3832,13,47,40,15,64,104,22.4,41039000707,Lane,,
210,2213,2074,9,22,7,0,47,54,19.4,41025960200,Harney,,
211,2951,2428,45,39,76,6,215,142,48.9,41039002504,Lane,,
212,4778,4177,55,32,277,3,36,198,28.3,41039004405,Lane,,
213,3342,2829,41,45,37,8,174,208,44.5,41039003302,Lane,,
214,3580,3014,51,27,285,11,64,128,35.4,41039002904,Lane,,
215,3473,2932,59,40,88,10,192,152,43.8,41039004502,Lane,,
216,3780,3447,5,54,50,14,43,167,26.2,41039000705,Lane,,
217,7777,6642,109,75,266,19,330,336,40.8,41039002503,Lane,,
218,3433,2999,34,34,155,7,33,171,31.1,41039004404,Lane,,
219,1897,1824,6,11,9,1,4,42,11.5,41063960200,Wallowa,,
220,3247,3103,12,27,13,1,21,70,13.6,41063960300,Wallowa,,
221,1966,1872,13,12,6,5,15,43,12.6,41063960100,Wallowa,,
222,3835,3617,11,73,18,1,50,65,16.6,41013950400,Crook,,
223,7111,6530,13,131,41,5,234,157,27.5,41013950100,Crook,,
224,4303,3960,5,46,27,1,178,86,28.3,41013950200,Crook,,
225,5573,5061,15,75,18,4,267,133,32.3,41013950300,Crook,,
226,5341,4824,21,218,29,1,70,178,26.1,41025960100,Harney,,
227,3274,2953,23,54,34,5,87,118,32,41041950800,Lincoln,,
228,3493,2796,15,102,65,6,349,160,55.2,41041950900,Lincoln,,
229,2305,1766,32,48,60,5,307,87,60.6,41041951000,Lincoln,,
230,1653,1457,13,21,22,3,76,61,40.7,41041951100,Lincoln,,
231,1950,1816,2,32,16,2,6,76,18.4,41041951200,Lincoln,,
232,3511,3212,14,96,13,0,48,128,24.8,41041950100,Lincoln,,
233,3921,3231,23,154,55,3,297,158,48.7,41041950400,Lincoln,,
234,3929,2974,8,611,15,6,34,281,44.8,41041951800,Lincoln,,
235,2481,2272,3,82,20,2,20,82,22.4,41041951300,Lincoln,,
236,2978,2686,27,105,12,2,32,114,26,41041951400,Lincoln,,
237,2475,2343,5,21,17,2,17,70,14.4,41041951500,Lincoln,,
238,3575,3283,21,53,35,10,18,155,20.8,41041951600,Lincoln,,
239,2042,1888,32,45,15,2,27,33,22.6,41041951700,Lincoln,,
240,2194,2016,0,34,27,4,43,70,23.9,41041950602,Lincoln,,
242,3282,2729,9,108,32,3,273,128,47.5,41041950304,Lincoln,,
243,1360,1200,11,35,45,7,34,28,31.4,41041950303,Lincoln,,
244,2558,2359,12,58,34,1,24,70,20.2,41041950601,Lincoln,,
245,3217,3001,10,66,17,3,30,90,20.3,41015950100,Curry,,
246,4997,4592,22,95,56,7,63,162,27.1,41015950302,Curry,,
247,4506,4053,26,101,36,5,52,233,29.7,41015950301,Curry,,
248,5336,4956,10,69,50,2,26,223,21,41015950200,Curry,,
249,4896,4357,21,116,27,9,191,175,33.3,41015950400,Curry,,
251,3292,2945,23,14,166,9,27,108,25.2,41051001202,Multnomah,,
252,3906,3502,39,24,127,2,56,156,27.2,41051001301,Multnomah,,
253,3042,2665,22,9,157,5,32,152,29.3,41051001302,Multnomah,,
254,4841,4240,67,27,228,2,78,199,30.4,41051001400,Multnomah,,
255,3322,3022,15,12,110,7,30,126,23.4,41051001500,Multnomah,,
256,6065,4949,117,44,502,50,147,256,40.5,41051001601,Multnomah,,
257,4414,2823,227,48,815,28,244,229,64.2,41051001602,Multnomah,,
258,6677,5061,294,95,643,24,239,321,49.7,41051001701,Multnomah,,
259,3953,2751,243,60,491,21,123,264,57,41051001702,Multnomah,,
260,1901,1811,3,19,3,13,26,26,17.2,41021960100,Gilliam,,
261,3894,3634,19,29,58,21,34,99,20.1,41061970600,Union,,
262,3415,3253,6,34,10,14,42,56,14.9,41061970100,Union,,
263,2228,2075,0,24,15,9,34,71,19.5,41061970300,Union,,
264,3463,3283,4,36,8,5,40,87,16.1,41061970200,Union,,
265,3036,2864,17,42,18,16,26,53,16.3,41061970400,Union,,
266,4024,3213,250,49,191,5,100,216,43.1,41051001801,Multnomah,,
267,3382,3011,47,11,149,2,38,124,27,41051001802,Multnomah,,
268,5079,4616,58,31,167,2,43,162,22.9,41051001900,Multnomah,,
269,5392,4809,105,38,156,9,61,214,29.2,41051002000,Multnomah,,
270,2606,2230,72,55,49,6,73,121,37.8,41051002100,Multnomah,,
271,2817,2324,268,8,98,3,12,104,35.4,41051002401,Multnomah,,
272,3340,2845,175,27,110,6,62,115,35,41051002402,Multnomah,,
273,4705,4281,99,10,119,7,25,164,23.2,41051002501,Multnomah,,
274,3925,3404,179,28,107,4,76,127,33.2,41051002502,Multnomah,,
275,3266,2835,53,64,62,98,69,85,32.9,41061970700,Union,,
276,3313,3014,21,53,25,77,40,83,25.3,41061970500,Union,,
277,3692,3339,23,31,46,42,100,111,27.5,41061970800,Union,,
278,2723,2495,33,5,68,1,16,105,20.4,41051002600,Multnomah,,
279,3146,2841,18,5,108,0,24,150,23.8,41051002701,Multnomah,,
280,2695,2325,93,23,131,9,21,93,31.1,41051002702,Multnomah,,
281,2909,2505,38,5,245,5,25,86,29.8,41051002801,Multnomah,,
282,2993,2573,76,25,169,3,32,115,33.8,41051002802,Multnomah,,
283,4506,3636,218,50,313,22,103,164,41.6,41051002901,Multnomah,,
284,5355,4233,233,44,450,8,142,245,44.3,41051002902,Multnomah,,
285,4458,3780,284,16,147,4,51,176,33.1,41051003000,Multnomah,,
286,4690,3974,284,38,116,22,62,194,34.8,41051003100,Multnomah,,
287,4074,3134,480,39,112,12,64,233,45.2,41051003200,Multnomah,,
288,2959,1801,714,25,50,3,176,190,66.5,41051003301,Multnomah,,
289,2814,1977,573,30,43,1,57,133,53,41051003302,Multnomah,,
290,3520,2016,935,67,95,28,166,213,68.2,41051003401,Multnomah,,
291,3270,1980,836,41,62,13,106,232,63.8,41051003402,Multnomah,,
292,3642,2741,333,33,163,31,158,183,53.3,41051003501,Multnomah,,
293,2098,1725,146,20,66,3,29,109,38.4,41051003502,Multnomah,,
294,4426,2538,1168,47,64,28,274,307,69.2,41051003601,Multnomah,,
295,6192,3983,1340,35,135,39,261,399,61.1,41051003602,Multnomah,,
296,1537,979,349,14,76,0,31,88,58.7,41051003603,Multnomah,,
297,4400,2662,984,43,140,36,272,263,67.3,41051003701,Multnomah,,
298,6129,5691,29,96,34,11,62,206,18.8,41009970200,Columbia,,
299,2431,2296,1,23,19,1,18,73,14.4,41009970400,Columbia,,
300,4983,4533,26,58,73,14,102,177,24.6,41009970900,Columbia,,
301,4208,3894,23,69,20,7,55,140,20.3,41009970300,Columbia,,
302,6375,5944,30,67,63,8,49,214,18.9,41009970500,Columbia,,
303,6188,5751,34,60,69,12,66,196,18.9,41009970600,Columbia,,
304,4207,3817,19,73,38,11,55,194,28,41009970700,Columbia,,
305,7114,6369,50,114,102,24,115,340,29.6,41009970800,Columbia,,
306,4743,4367,27,64,41,7,97,140,23.2,41009971000,Columbia,,
307,3622,3424,19,44,22,4,17,92,16.6,41009971100,Columbia,,
308,2549,1826,455,21,64,0,64,119,51.4,41051003702,Multnomah,,
309,2968,2224,233,29,146,44,60,232,52,41051003801,Multnomah,,
310,2975,2270,189,24,148,29,106,209,50.1,41051003802,Multnomah,,
311,3915,2864,415,38,201,24,130,243,53.8,41051003803,Multnomah,,
312,7322,4465,1081,128,310,133,618,587,71.4,41051003901,Multnomah,,
313,3049,2526,125,33,105,34,65,161,38.4,41051003902,Multnomah,,
314,7708,4184,1387,153,286,125,1023,550,79.2,41051004001,Multnomah,,
315,5861,4831,121,67,176,64,208,394,39.7,41051004002,Multnomah,,
316,2927,2587,14,96,42,2,30,156,28.9,41011000502,Coos,,
317,5857,5457,26,97,41,4,57,175,18.8,41011000100,Coos,,
318,6925,6432,23,99,71,9,85,206,21.3,41011001000,Coos,,
319,6409,5722,19,146,124,13,76,309,28.9,41011000400,Coos,,
320,5894,5348,18,148,12,4,53,311,25,41011001100,Coos,,
321,2669,2381,4,58,56,2,37,131,28.3,41011000600,Coos,,
322,7391,6417,54,180,76,22,221,421,35,41011000700,Coos,,
323,3456,3050,19,79,45,9,62,192,33,41011000300,Coos,,
324,7460,6818,43,149,44,5,154,247,25.4,41011000900,Coos,,
325,7466,4277,878,188,343,82,1095,603,78.3,41051004101,Multnomah,,
326,5053,3824,251,105,171,64,343,295,58.1,41051004102,Multnomah,,
327,3434,2724,189,46,96,24,202,153,50,41051004200,Multnomah,,
328,8,7,1,0,0,0,0,0,21.9,41051980000,Multnomah,,
329,2033,1824,45,18,64,3,26,53,25.1,41051004500,Multnomah,,
330,3350,3075,20,6,137,2,19,91,20.1,41051004601,Multnomah,,
331,4183,3382,24,30,123,7,489,128,60.8,41045970300,Malheur,,
332,5345,3029,38,100,43,8,1917,210,83.3,41045970400,Malheur,,
333,4391,3876,5,53,43,8,298,108,42.9,41045970600,Malheur,,
334,4579,3545,26,42,126,0,689,151,64.3,41045970200,Malheur,,
335,5143,3582,16,50,72,0,1248,175,75.7,41045970500,Malheur,,
336,1753,1593,0,4,26,0,80,50,41.4,41045970700,Malheur,,
337,2465,2283,2,61,17,5,7,90,17.4,41011000200,Coos,,
338,2948,2716,6,68,39,1,28,90,21.6,41011000800,Coos,,
339,6299,5306,58,304,61,28,210,332,40.4,41011000504,Coos,,
341,2901,2363,27,105,52,13,163,178,47.7,41011000503,Coos,,
342,2077,1888,12,7,79,0,14,77,23.3,41051004602,Multnomah,,
343,4139,3658,43,23,178,6,50,181,29.3,41051004700,Multnomah,,
344,2825,2465,36,18,116,4,52,134,32.2,41051004800,Multnomah,,
345,3502,2935,91,35,211,10,79,141,38.2,41051004900,Multnomah,,
346,2518,2201,30,6,182,2,20,77,28.8,41051005000,Multnomah,,
347,8582,6902,543,136,463,24,125,389,41.7,41051005100,Multnomah,,
348,4702,4004,143,36,225,3,81,210,36.2,41051005200,Multnomah,,
349,2482,1939,92,30,230,11,45,135,44.8,41051005500,Multnomah,,
350,5359,4078,118,49,761,22,83,248,46.3,41051005600,Multnomah,,
351,0,0,0,0,0,0,0,0,0,41045940000,Malheur,,
352,5928,5121,262,88,88,7,275,87,45.7,41045970900,Malheur,,
353,3611,2880,66,18,405,6,58,178,40.8,41051005700,Multnomah,,
354,5076,4359,44,14,441,8,41,169,30.3,41051005800,Multnomah,,
355,6799,5804,99,39,481,12,99,265,33.4,41051005900,Multnomah,,
356,1398,1242,13,7,67,8,7,54,25.7,41051006001,Multnomah,,
357,2160,1970,19,6,88,2,19,56,22.6,41051006002,Multnomah,,
358,2427,2200,18,13,98,3,4,91,23.8,41051006100,Multnomah,,
359,2865,2605,33,16,71,15,27,98,23.4,41051006200,Multnomah,,
360,5920,5109,161,28,233,16,124,249,32.7,41051006501,Multnomah,,
361,4090,3565,93,29,132,28,61,182,33,41051006502,Multnomah,,
362,2550,2312,16,11,70,5,28,108,24.1,41051006601,Multnomah,,
363,4884,4202,140,26,165,25,56,270,34.5,41051006602,Multnomah,,
364,3040,2756,35,6,104,1,24,114,24,41051006701,Multnomah,,
365,3073,2697,58,19,127,1,45,126,29.3,41051006702,Multnomah,,
366,2783,1831,324,16,260,24,194,134,64.1,41051007202,Multnomah,,
367,1947,1382,332,52,54,10,80,37,59.6,41051007300,Multnomah,,
368,4511,3458,9,834,14,3,59,134,44.1,41065970800,Wasco,,
369,4034,3474,21,46,38,44,333,78,47.8,41065970100,Wasco,,
370,2840,2458,7,60,30,6,186,93,47.6,41065970200,Wasco,,
371,2913,2566,16,40,23,22,158,88,44.1,41065970300,Wasco,,
372,2965,2601,20,56,18,17,165,88,48.9,41065970400,Wasco,,
373,3530,2924,24,64,41,43,318,116,56,41065970500,Wasco,,
374,2900,2587,15,42,23,9,173,51,43.4,41065970600,Wasco,,
375,1778,1648,11,3,12,2,78,24,34,41065970700,Wasco,,
376,5815,3554,513,42,680,56,656,314,73.2,41051009605,Multnomah,,
377,5114,3314,368,85,161,71,853,262,76,41051009604,Multnomah,,
378,4030,3731,26,26,54,0,54,139,20.1,41051010500,Multnomah,,
379,4428,2483,569,62,455,90,543,226,76.5,41051009502,Multnomah,,
380,1079,976,8,12,38,1,17,27,25.3,41051004300,Multnomah,,
381,5135,4542,50,19,244,2,69,209,28,41051006300,Multnomah,,
382,5858,5273,48,24,249,3,38,223,23.3,41051006402,Multnomah,,
383,2217,1978,44,18,97,4,8,68,27.8,41051006801,Multnomah,,
384,3702,1928,771,106,115,16,545,221,80.6,41051007400,Multnomah,,
385,5218,3200,856,81,389,12,356,324,68.9,41051007500,Multnomah,,
386,3529,1969,309,81,233,21,727,189,81.6,41051007600,Multnomah,,
387,1987,1317,138,19,222,16,173,102,66.4,41051007700,Multnomah,,
388,4462,2755,423,41,516,65,387,275,69.3,41051007900,Multnomah,,
389,3328,2456,222,41,288,19,156,146,54.3,41051008001,Multnomah,,
390,3100,2198,149,45,404,35,146,123,57.3,41051008002,Multnomah,,
391,7327,4908,591,104,683,94,553,394,65.6,41051008100,Multnomah,,
392,3027,2201,106,29,421,25,132,113,55,41051008201,Multnomah,,
393,7877,5685,419,88,668,15,622,380,61.5,41051008202,Multnomah,,
394,2796,2644,2,44,19,3,17,67,15.8,41019110000,Douglas,,
395,3745,3448,9,45,50,0,50,143,24.1,41019020000,Douglas,,
396,3994,3679,19,94,7,1,56,138,21.8,41019030000,Douglas,,
397,7534,6915,31,69,185,21,80,233,22.2,41019080000,Douglas,,
398,7741,6957,47,158,87,23,152,317,29.2,41019120000,Douglas,,
399,5836,5294,46,133,62,23,79,199,26.6,41019130000,Douglas,,
400,5201,4699,53,107,59,11,77,195,27.7,41019140000,Douglas,,
401,7571,6972,29,139,66,7,86,272,22.4,41019160000,Douglas,,
402,7366,6826,28,146,65,4,89,208,24.2,41019150000,Douglas,,
403,4585,4313,15,63,21,2,45,126,17.7,41019050001,Douglas,,
404,2309,2142,8,42,19,7,28,63,20.3,41019010000,Douglas,,
405,3652,3435,7,40,29,2,39,100,18.5,41019060000,Douglas,,
406,4560,4165,12,89,20,4,81,189,26.2,41019210000,Douglas,,
407,5946,5477,38,94,80,2,92,163,23.4,41019090000,Douglas,,
408,3514,3210,25,18,102,7,27,125,23.7,41051006802,Multnomah,,
409,2600,2338,26,7,119,9,21,80,22.7,41051006900,Multnomah,,
410,8460,6819,86,23,1113,10,67,342,37.7,41051007000,Multnomah,,
411,2428,2144,52,21,47,7,89,68,32,41051007201,Multnomah,,
412,4403,2810,229,69,590,12,404,289,69.9,41051008600,Multnomah,,
413,4075,3022,150,37,382,22,317,145,56.9,41051008902,Multnomah,,
414,9724,7135,365,75,1432,39,269,409,51.8,41051008901,Multnomah,,
415,8515,5622,681,104,819,80,781,428,67.2,41051009201,Multnomah,,
416,4430,2074,418,79,1223,71,320,245,76.3,41051008301,Multnomah,,
417,4121,2698,197,60,575,23,390,178,67.8,41051008302,Multnomah,,
418,4653,3029,312,46,613,41,405,207,66.6,41051008400,Multnomah,,
419,4429,2950,202,54,578,33,375,237,65.8,41051008500,Multnomah,,
420,4631,3546,95,42,449,16,244,239,52.4,41051008700,Multnomah,,
421,9760,6285,614,132,1092,148,985,504,69.6,41051009000,Multnomah,,
422,6603,4492,282,50,973,57,416,333,62.1,41051009102,Multnomah,,
423,4772,3189,325,63,492,27,440,236,66.7,41051009202,Multnomah,,
424,3793,2651,147,51,195,40,542,167,67.4,41051009603,Multnomah,,
425,7036,6467,24,156,39,9,135,206,25.8,41019050002,Douglas,,
426,2698,2470,6,56,22,6,40,98,23.7,41019040000,Douglas,,
427,5342,5075,13,62,36,0,42,114,16.1,41019070000,Douglas,,
428,4886,4427,14,119,39,5,52,230,24.2,41019180000,Douglas,,
429,4549,4133,8,144,30,7,39,188,24.7,41019190000,Douglas,,
430,5073,4489,26,140,104,5,69,240,29.1,41019200000,Douglas,,
431,3271,3035,27,76,11,7,30,85,20.7,41019100000,Douglas,,
432,4005,3676,16,86,26,10,15,176,20.2,41019170000,Douglas,,
434,4399,2975,344,41,485,31,268,255,64.4,41051009302,Multnomah,,
435,7108,5194,262,90,535,36,651,340,61.6,41051009803,Multnomah,,
436,6188,5056,96,40,692,16,112,176,38.6,41051009903,Multnomah,,
437,6125,4267,271,64,533,51,672,267,63.7,41051010200,Multnomah,,
438,4703,2827,183,108,157,25,1157,246,80.5,41051010304,Multnomah,,
439,4764,3940,111,62,250,8,183,210,43.9,41051010306,Multnomah,,
440,6362,5626,63,32,196,24,178,243,32.6,41051010402,Multnomah,,
441,5739,4767,114,48,110,9,418,273,49.7,41051010407,Multnomah,,
442,6730,5183,311,52,668,56,233,227,47.8,41051009400,Multnomah,,
443,4854,2743,704,47,718,64,357,221,71.4,41051009501,Multnomah,,
444,5788,3782,350,86,596,41,627,306,69.1,41051009701,Multnomah,,
445,6243,5191,64,69,128,10,514,267,51.3,41051010408,Multnomah,,
446,2817,2513,11,76,57,6,65,89,28.7,41051007100,Multnomah,,
447,6169,3845,574,119,325,40,901,365,75.8,41051009301,Multnomah,,
448,5217,4220,136,58,299,17,222,265,47.6,41051010002,Multnomah,,
449,4161,3672,47,36,109,29,120,148,32.6,41051010305,Multnomah,,
450,5686,3712,363,65,586,83,557,320,68.9,41051009101,Multnomah,,
451,3218,2439,143,35,215,16,204,166,55.3,41051009804,Multnomah,,
452,9214,7256,255,99,353,47,785,419,54.6,41051010100,Multnomah,,
453,5606,3233,362,116,274,149,1155,317,81.3,41051009606,Multnomah,,
454,8182,5752,260,87,502,89,1155,337,69.2,41051009702,Multnomah,,
455,4718,3175,333,55,111,58,735,251,75.4,41051009801,Multnomah,,
456,5776,4253,204,96,155,39,768,261,66.9,41051010001,Multnomah,,
457,5736,4514,143,58,345,25,375,276,53.6,41051010303,Multnomah,,
458,6021,4686,145,104,197,30,597,262,59.9,41051010405,Multnomah,,
459,7560,6556,67,47,198,55,353,284,38.2,41051010409,Multnomah,,
460,3678,3196,66,16,199,9,42,150,31.2,41051006404,Multnomah,,
461,3224,2712,44,23,146,18,114,167,41.9,41051009905,Multnomah,,
462,5240,4288,73,57,136,8,434,244,50,41051009907,Multnomah,,
463,2983,2266,45,43,76,9,410,134,60.6,41051010411,Multnomah,,
464,4028,3075,305,35,269,33,94,217,48.9,41051006403,Multnomah,,
465,4603,3581,125,71,83,27,482,234,58.1,41051010410,Multnomah,,
466,1823,1700,4,29,3,1,54,32,22.7,41055950100,Sherman,,
467,5326,3390,504,79,755,40,194,364,63.5,41051002903,Multnomah,,
468,1796,1261,145,23,131,38,115,83,60.3,41051007800,Multnomah,,
469,4104,3058,124,58,351,9,294,210,56.7,41051008800,Multnomah,,
470,6101,5498,38,54,169,7,69,266,26.3,41051000100,Multnomah,,
471,5733,5085,72,48,188,12,98,230,29.3,41051000200,Multnomah,,
472,5187,4356,127,41,331,7,68,257,36.2,41051000301,Multnomah,,
473,3734,2958,113,124,116,7,203,213,51.6,41051009904,Multnomah,,
474,3631,3172,59,24,135,6,101,134,35.2,41051009906,Multnomah,,
475,3513,2711,337,84,163,6,71,141,47.6,41051010600,Multnomah,,
476,2119,1624,238,26,69,6,47,109,46.8,41051002303,Multnomah,,
477,3401,2316,720,39,68,6,82,170,55.4,41051002203,Multnomah,,
478,2234,1870,54,115,12,0,141,42,43.7,41031960100,Jefferson,,
479,3140,89,2,2863,1,0,20,165,30.5,41031940000,Jefferson,,
480,4243,3540,19,124,19,9,395,137,52.8,41031960302,Jefferson,,
481,5570,4172,44,341,47,12,685,269,65.6,41031960202,Jefferson,,
482,3421,2148,30,183,27,9,849,175,79.9,41031960201,Jefferson,,
483,3560,3387,12,46,9,1,27,78,13.5,41031960301,Jefferson,,
484,6957,6439,34,40,226,7,29,182,19.9,41051000302,Multnomah,,
485,3482,3063,27,21,201,1,26,143,28.8,41051000401,Multnomah,,
486,3681,2998,35,37,324,14,75,198,41.6,41051000402,Multnomah,,
487,3730,3041,58,43,294,0,100,194,43,41051000501,Multnomah,,
488,4632,3375,116,54,518,84,271,214,56.1,41051000502,Multnomah,,
489,5467,3399,256,87,861,29,511,324,70.7,41051000601,Multnomah,,
490,5072,3176,233,76,795,33,465,294,69.9,41051000602,Multnomah,,
491,4290,3215,119,34,626,25,110,161,48.9,41051000701,Multnomah,,
492,5187,4640,35,112,54,5,189,152,32.3,41037960200,Lake,,
493,2833,2568,10,63,8,0,55,129,24.3,41037960100,Lake,,
494,6991,6395,43,66,34,8,223,222,27.7,41043030600,Linn,,
495,2371,2206,16,30,4,0,24,91,18.2,41043030300,Linn,,
496,9352,8381,64,146,128,6,317,310,31.5,41043020100,Linn,,
497,1766,1613,7,15,36,8,28,59,25.8,41043020200,Linn,,
498,4089,3754,6,34,46,4,119,126,25,41043030700,Linn,,
499,7271,6519,43,46,167,9,237,250,31.1,41043020300,Linn,,
500,8851,7762,76,86,148,23,402,354,39,41043020600,Linn,,
501,6071,5649,23,93,31,7,91,177,19.5,41043030100,Linn,,
502,4240,3960,32,37,25,2,53,131,19.5,41043030500,Linn,,
503,7085,6447,36,109,58,4,141,290,25.6,41043030902,Linn,,
504,4007,3385,27,50,75,8,296,166,46.4,41043020500,Linn,,
505,6421,6000,21,95,36,10,65,194,19.6,41043030401,Linn,,
506,6309,5830,26,68,70,9,114,192,22.8,41043030903,Linn,,
507,6854,6338,30,92,51,25,126,192,23.3,41043030200,Linn,,
508,4175,3596,40,87,34,6,230,182,42.5,41043020400,Linn,,
509,7927,7231,42,130,75,12,175,262,26.5,41043030800,Linn,,
510,6779,6299,22,93,69,11,67,218,21.1,41043030402,Linn,,
511,4016,3602,22,62,77,1,79,173,27.1,41043030904,Linn,,
512,4918,3456,169,71,762,35,161,264,55.9,41051000702,Multnomah,,
513,4522,3755,76,33,364,2,78,214,37.8,41051000801,Multnomah,,
514,4554,3633,155,54,297,27,169,219,46.2,41051000802,Multnomah,,
515,4067,3562,37,18,224,3,58,165,29.5,41051000901,Multnomah,,
516,4406,3307,293,34,417,15,112,228,51,41051000902,Multnomah,,
517,5504,4803,101,44,203,10,72,271,31.8,41051001000,Multnomah,,
518,2178,1862,88,27,59,4,38,100,34.6,41051001101,Multnomah,,
519,1375,1201,5,22,92,0,11,44,28.6,41051001102,Multnomah,,
520,5136,4568,93,42,132,2,68,231,29.2,41051001201,Multnomah,,
521,5560,4733,69,72,44,18,386,238,44.3,41043020700,Linn,,
522,6047,4798,101,96,53,19,707,273,58.9,41043020802,Linn,,
523,2470,2058,23,52,26,3,224,84,49.8,41043020801,Linn,,
524,4204,2834,34,44,17,17,1116,142,76.4,41005022907,Clackamas,,
525,3549,2830,23,53,39,10,485,109,58.4,41005022904,Clackamas,,
526,4185,3659,21,57,66,2,259,121,40.9,41005022905,Clackamas,,
527,3560,3322,13,33,31,5,50,106,20.7,41005023002,Clackamas,,
528,3444,3209,26,39,29,1,32,108,18.9,41005023001,Clackamas,,
529,4931,4497,22,53,72,11,82,194,27,41005023403,Clackamas,,
530,6062,5582,22,92,59,8,115,184,26,41005023404,Clackamas,,
531,4922,4203,25,53,36,4,460,141,45.8,41005023902,Clackamas,,
532,5067,4463,29,50,52,17,302,154,41.1,41005023901,Clackamas,,
533,3211,2946,5,56,18,2,90,94,26.8,41005024303,Clackamas,,
534,2484,2332,1,15,25,4,33,74,20,41005024304,Clackamas,,
535,4793,3720,69,23,621,18,52,290,44.3,41067031909,Washington,,
536,5640,4345,178,23,608,26,152,308,49.4,41067031812,Washington,,
537,4497,3517,45,45,228,16,466,180,56.6,41067031912,Washington,,
538,3121,2177,68,38,468,14,194,162,60.1,41067031616,Washington,,
539,8840,6188,477,86,920,53,644,472,64,41067031609,Washington,,
540,4877,4452,15,51,105,17,107,130,28.9,41067032700,Washington,,
541,3335,2363,90,33,516,14,139,180,56.9,41067031509,Washington,,
542,6823,4603,143,21,1622,26,112,296,55,41067031514,Washington,,
543,11765,6252,168,22,4762,5,113,443,58.2,41067031513,Washington,,
544,7754,6537,141,33,616,20,129,278,34.8,41067030101,Washington,,
545,5308,4292,100,15,508,14,143,236,41.5,41067030102,Washington,,
546,5531,3755,66,59,505,52,854,240,72.2,41067031615,Washington,,
547,6452,4524,140,41,1273,16,132,326,56.1,41067032408,Washington,,
548,2275,1801,43,16,232,8,78,97,48.9,41067032608,Washington,,
549,2894,2347,41,29,192,4,173,108,52.6,41067032610,Washington,,
550,7074,5605,121,33,742,33,206,334,46,41067031805,Washington,,
551,4156,3257,41,10,588,7,70,183,43.1,41067031814,Washington,,
552,1942,1723,14,13,46,14,73,59,35.8,41067032107,Washington,,
553,4874,4393,28,17,94,30,140,172,27.7,41067032104,Washington,,
554,5614,4658,87,28,176,44,370,251,46.9,41067032001,Washington,,
555,3940,2549,44,105,188,9,862,183,78.9,41067032410,Washington,,
556,2941,2109,58,42,214,20,361,137,66.9,41067032502,Washington,,
557,3526,2411,98,76,77,5,687,172,75.5,41067032501,Washington,,
558,5256,3096,60,125,63,17,1642,253,78.5,41067032409,Washington,,
559,5066,4564,49,31,91,15,147,169,31.4,41067033302,Washington,,
560,6578,5002,74,105,130,50,954,263,67.7,41067032606,Washington,,
561,4814,3073,155,56,809,24,424,273,69.6,41067031614,Washington,,
562,5160,3780,96,25,688,21,286,264,57.1,41067032407,Washington,,
563,4277,3657,46,55,145,21,169,184,42.4,41067032108,Washington,,
564,5589,4741,44,66,103,16,410,209,49.3,41067033301,Washington,,
565,6443,4771,139,12,1045,13,151,312,49.3,41067031815,Washington,,
566,4943,3201,208,25,916,22,239,332,65,41067031617,Washington,,
567,1238,1134,7,6,9,0,55,27,28.7,41067032800,Washington,,
568,3604,3174,161,71,83,0,56,59,30.5,41067032110,Washington,,
569,3060,2709,41,8,150,10,23,119,28.8,41067032109,Washington,,
570,3853,2685,62,56,148,63,633,206,72,41067032003,Washington,,
571,1975,1623,29,8,53,3,175,84,49.1,41067032004,Washington,,
572,4293,2646,89,42,81,114,1143,178,80.4,41067032005,Washington,,
573,2678,2011,51,12,186,38,247,133,59,41067030806,Washington,,
574,3453,2642,92,19,542,8,49,101,46.2,41067032607,Washington,,
575,2239,1650,34,22,370,1,67,95,52.6,41067032609,Washington,,
576,2916,2503,23,27,40,3,213,107,45.2,41067033101,Washington,,
577,3245,2365,8,64,48,8,641,111,69.8,41067033102,Washington,,
578,5711,3883,69,77,181,3,1259,239,76.1,41067032901,Washington,,
579,5917,4392,96,29,972,26,115,287,49.2,41005022103,Clackamas,,
580,5323,4349,59,17,668,8,51,171,37,41005020304,Clackamas,,
581,5478,4733,74,28,366,25,49,203,31.2,41005020303,Clackamas,,
582,5633,5145,33,49,138,4,94,170,24.8,41005021801,Clackamas,,
583,4256,3616,73,37,88,18,247,177,46.2,41005021802,Clackamas,,
584,2168,2001,10,15,60,0,19,63,20.6,41005020503,Clackamas,,
585,4280,4010,20,28,73,7,58,84,18.8,41005023201,Clackamas,,
586,4975,4751,14,39,18,3,37,113,14.6,41005024100,Clackamas,,
587,5836,5266,16,73,75,3,249,154,29.3,41005023500,Clackamas,,
588,3879,3625,11,29,36,3,74,101,20,41005023600,Clackamas,,
589,5834,5399,35,54,56,7,133,150,23.6,41005024200,Clackamas,,
590,2797,2682,7,15,10,2,31,50,15.1,41005024000,Clackamas,,
591,4962,4540,20,39,25,4,232,102,29.6,41005024302,Clackamas,,
592,4699,4431,19,48,35,2,39,125,16.3,41005023700,Clackamas,,
593,3890,3523,34,17,155,1,41,119,25.5,41005020100,Clackamas,,
594,6350,5825,31,17,229,9,57,182,22.2,41005020200,Clackamas,,
595,3562,3058,40,20,245,4,48,147,34.1,41005020302,Clackamas,,
596,6603,4371,60,81,326,22,1414,329,76.2,41067033200,Washington,,
597,5261,4761,24,25,213,5,42,191,26.1,41005020401,Clackamas,,
598,3869,3566,13,15,129,2,33,111,21.4,41005020404,Clackamas,,
599,7026,6196,86,23,381,14,97,229,28.8,41005020501,Clackamas,,
600,6322,5772,24,34,281,4,32,175,21.8,41005020504,Clackamas,,
601,8190,7398,87,18,307,4,88,288,25.3,41005020600,Clackamas,,
602,3859,3541,13,10,100,5,59,131,23.8,41005020700,Clackamas,,
603,6311,5309,94,47,386,32,156,287,37.7,41067031504,Washington,,
604,7072,4019,195,25,2248,12,285,288,64.6,41067031611,Washington,,
605,5061,3250,156,75,303,35,991,251,76.2,41067031705,Washington,,
606,7917,5634,209,74,932,46,644,378,63.2,41067031610,Washington,,
607,3129,2330,45,19,421,1,145,168,52.4,41067031511,Washington,,
608,4959,3679,56,63,288,26,569,278,62.6,41067031403,Washington,,
609,10119,8928,94,64,337,25,281,390,33.3,41067032103,Washington,,
610,3321,2204,133,20,443,11,239,271,65,41067031612,Washington,,
611,3873,3478,44,61,93,15,61,121,27,41005020800,Clackamas,,
612,3807,3359,96,44,62,10,75,161,31.3,41005020900,Clackamas,,
613,4609,4098,53,89,89,6,118,156,33.2,41005021000,Clackamas,,
614,5562,4869,49,52,162,20,212,198,35.8,41005021100,Clackamas,,
615,3916,3437,76,57,70,3,135,138,36.5,41005021200,Clackamas,,
616,5033,4451,59,35,223,11,79,175,30.3,41005021500,Clackamas,,
617,4675,4250,38,13,168,7,46,153,22.5,41067030300,Washington,,
618,4411,3688,76,21,159,37,227,203,42.7,41067030401,Washington,,
619,4540,3798,92,29,187,17,219,198,42,41067030402,Washington,,
620,5537,4779,64,24,168,43,250,209,36.8,41067030501,Washington,,
621,5280,4468,82,39,223,51,187,230,39.8,41067030600,Washington,,
622,7480,4896,116,17,1937,38,149,327,55.9,41067031512,Washington,,
623,7301,4927,205,71,491,41,1152,414,74.4,41067031300,Washington,,
624,5809,4557,141,99,200,27,502,283,56.5,41005021601,Clackamas,,
625,5200,4138,113,64,172,11,385,317,53.4,41005021602,Clackamas,,
626,6690,5783,93,73,166,11,285,279,39.8,41005022101,Clackamas,,
627,4783,3310,216,73,226,48,647,263,71.6,41005022201,Clackamas,,
628,4386,4069,14,32,94,4,74,99,20.5,41005022602,Clackamas,,
629,4029,3720,24,43,39,10,48,145,23.7,41005022400,Clackamas,,
630,4720,3687,66,41,211,8,509,198,57.4,41067031404,Washington,,
631,2934,1847,111,40,300,14,436,186,75.6,41067031402,Washington,,
632,5495,4094,152,32,538,10,410,259,56.3,41067031806,Washington,,
633,3596,2843,66,33,313,17,206,118,49.6,41067031807,Washington,,
634,2879,2445,33,16,177,7,107,94,38.1,41067031904,Washington,,
635,8740,6379,149,98,872,33,737,472,61.3,41067032406,Washington,,
636,8056,7172,51,36,300,8,204,285,31,41067032200,Washington,,
637,4774,3482,88,56,461,60,416,211,62.5,41067032300,Washington,,
638,7240,6070,101,43,369,29,342,286,43.9,41067032603,Washington,,
639,7476,6027,67,56,341,45,620,320,54.7,41067032404,Washington,,
640,3569,2728,47,43,192,14,387,158,62.2,41067032503,Washington,,
641,6122,4482,83,84,174,13,997,289,68.4,41067032604,Washington,,
642,5947,3876,296,80,565,23,741,366,72,41067031606,Washington,,
643,6983,4564,361,87,601,31,925,414,72.6,41067031613,Washington,,
644,7812,7075,43,89,77,19,202,307,30.6,41005022500,Clackamas,,
645,3435,3126,19,39,64,2,86,99,26.7,41005022901,Clackamas,,
646,6713,6048,48,31,301,6,70,209,24.1,41005022702,Clackamas,,
647,6630,5882,59,35,336,15,93,210,29.3,41005023202,Clackamas,,
648,6076,5371,94,64,90,17,228,212,34.1,41005021700,Clackamas,,
649,3484,3047,31,40,57,15,173,121,39.4,41005021900,Clackamas,,
650,6399,5774,55,46,117,33,132,242,28.7,41005022000,Clackamas,,
651,4842,4306,74,34,102,6,158,162,32.1,41005021400,Clackamas,,
652,5148,3218,207,71,490,31,878,253,76.6,41067031706,Washington,,
653,4793,3488,73,55,360,22,553,242,64.6,41067031703,Washington,,
654,8305,6378,200,81,592,23,660,371,58.3,41067031704,Washington,,
655,6014,4429,146,33,725,10,398,273,58.1,41067031804,Washington,,
656,5989,5257,110,31,234,18,123,216,30.1,41067030200,Washington,,
657,5293,3588,209,49,193,165,838,251,73,41067030900,Washington,,
658,5922,5259,59,55,116,21,195,217,35,41005021300,Clackamas,,
659,6109,5706,30,26,130,12,69,136,17.8,41005023100,Clackamas,,
660,4977,4585,26,37,115,1,95,118,23.1,41005023300,Clackamas,,
661,4409,3889,11,57,84,4,257,107,36.3,41005023401,Clackamas,,
662,3995,3806,9,20,41,2,80,37,16.3,41005022800,Clackamas,,
663,6585,5966,19,62,73,13,335,117,32.5,41005023800,Clackamas,,
664,297,208,22,11,3,15,15,23,59.6,41005980000,Clackamas,,
665,2794,2612,14,13,74,13,12,56,16,41005020505,Clackamas,,
666,3620,3361,16,14,127,6,12,84,17.6,41005020403,Clackamas,,
667,3772,3038,121,44,195,18,164,192,49.1,41005022107,Clackamas,,
668,6358,4996,113,62,757,36,154,240,45,41005022105,Clackamas,,
669,2826,2328,39,64,24,6,256,109,52.6,41005022108,Clackamas,,
670,7416,5975,158,49,475,48,354,357,46.8,41067031003,Washington,,
671,7000,5692,92,20,559,63,222,352,42.3,41067031004,Washington,,
672,5720,3920,130,70,247,32,1066,255,74.8,41067031005,Washington,,
673,6246,4605,188,57,384,39,661,312,62.9,41067031006,Washington,,
674,2728,1809,91,22,99,4,532,171,75.6,41067031100,Washington,,
675,6564,4832,114,35,1178,10,129,266,48.7,41005022206,Clackamas,,
676,3402,2706,34,12,409,25,114,102,44.8,41005022205,Clackamas,,
677,6380,4820,105,27,1104,6,57,261,44.5,41005022208,Clackamas,,
678,5122,3979,75,19,818,7,37,187,42,41005022207,Clackamas,,
679,3840,3576,25,46,46,15,41,91,21.7,41005022301,Clackamas,,
680,3925,3326,25,36,77,29,310,122,50.5,41005022708,Clackamas,,
681,5289,4838,16,41,122,12,90,170,25.6,41005022302,Clackamas,,
682,4470,4119,34,20,96,0,81,120,23.5,41005022606,Clackamas,,
683,7441,4685,337,89,433,34,1552,311,77.5,41067031200,Washington,,
684,5219,4125,62,13,621,13,172,213,46.7,41067031507,Washington,,
685,7749,6032,53,20,1209,13,90,332,41.9,41067031508,Washington,,
686,3866,3293,109,25,148,19,118,154,36.5,41067030502,Washington,,
687,7647,4883,82,106,102,9,2188,277,79.5,41067032902,Washington,,
688,4843,4189,75,23,270,15,117,154,33.1,41067030803,Washington,,
689,3887,3154,70,22,276,11,182,172,45,41067031506,Washington,,
690,5442,5156,17,65,21,5,67,111,16.1,41023960200,Grant,,
691,2126,2001,3,26,6,3,16,71,17.1,41023960100,Grant,,
692,7331,6622,70,70,144,13,216,196,29.9,41005022605,Clackamas,,
693,3204,2826,25,28,60,5,151,109,42.4,41005022603,Clackamas,,
694,3993,3440,35,32,162,21,136,167,38.4,41005022707,Clackamas,,
695,2842,2281,33,33,184,12,191,108,51.2,41005022710,Clackamas,,
696,6396,5340,84,51,317,25,300,279,45.7,41005024400,Clackamas,,
697,2940,2564,4,33,17,3,266,53,42.6,41005022906,Clackamas,,
698,1546,1168,35,29,86,24,154,50,63.7,41067030700,Washington,,
699,6974,5605,118,60,281,93,531,286,55.2,41067030801,Washington,,
700,5512,4959,19,46,104,7,238,139,33.5,41067033000,Washington,,
701,2353,2231,4,17,7,1,41,52,18.5,41067033400,Washington,,
702,4045,3759,16,36,47,5,50,132,22.3,41067033500,Washington,,
703,2284,2142,3,9,27,1,44,58,21.4,41067033600,Washington,,
704,4915,3912,95,27,457,25,152,247,44.7,41067031911,Washington,,
705,8131,6340,139,74,955,31,245,347,46.4,41067031910,Washington,,
706,3771,3351,52,31,135,15,78,109,30.8,41067030805,Washington,,
707,5551,4811,95,41,239,14,199,152,37.5,41067031907,Washington,,
708,6907,5334,137,37,974,16,134,275,46.2,41067031908,Washington,,
709,5818,4385,114,34,916,6,89,274,45.5,41067031813,Washington,,
710,5917,5173,38,96,44,15,306,245,38.9,41047010801,Marion,,
711,6235,5448,14,106,52,20,400,195,42.3,41047010802,Marion,,
712,6364,5920,13,65,43,10,141,172,22.7,41047010702,Marion,,
713,4437,3854,35,53,70,8,214,203,39.5,41047001501,Marion,,
714,5485,5137,11,49,67,6,103,112,20.6,41047010501,Marion,,
715,3598,3080,71,55,73,25,141,153,39.4,41047001200,Marion,,
716,3969,3499,37,49,78,23,102,181,34.1,41047001300,Marion,,
717,5210,4103,29,56,50,23,783,166,63.6,41047010400,Marion,,
718,5930,4539,81,94,126,22,724,344,62.5,41047000900,Marion,,
719,7810,5290,112,96,446,51,1447,368,73.3,41047001601,Marion,,
720,5774,3738,48,108,255,89,1283,253,78.1,41047001702,Marion,,
721,4092,3658,25,36,87,12,132,142,31.1,41047002800,Marion,,
722,4347,3387,36,54,100,37,569,164,61.6,41047001703,Marion,,
723,6975,4745,77,112,380,34,1270,357,73.9,41047001603,Marion,,
724,3180,2812,25,27,80,11,85,140,33.5,41047002301,Marion,,
725,4884,3160,23,137,28,1,1363,172,79,41047010303,Marion,,
726,3883,2790,100,81,45,84,554,229,68.1,41047001000,Marion,,
727,6575,4344,109,139,112,77,1532,262,76.8,41047001801,Marion,,
728,6507,3279,60,275,33,8,2528,324,83.7,41047010304,Marion,,
729,5877,5229,26,56,47,5,339,175,38.6,41047010502,Marion,,
730,1455,1230,0,10,8,0,177,30,55.3,41047010100,Marion,,
731,5545,3882,57,84,53,56,1164,249,73.8,41047001503,Marion,,
732,6345,4047,84,105,216,153,1403,337,79.3,41047001701,Marion,,
733,3356,2829,49,69,129,10,108,162,40.4,41047000200,Marion,,
734,5036,4107,69,84,69,32,470,205,52,41047000600,Marion,,
735,4904,4192,100,79,50,35,245,203,41.4,41047001100,Marion,,
736,5065,3701,84,95,39,76,809,261,69.2,41047000300,Marion,,
737,8666,7980,31,83,138,8,172,254,25.4,41047002700,Marion,,
738,7669,4981,164,126,168,201,1544,485,76.5,41047001802,Marion,,
739,3888,3448,9,26,35,3,264,103,38.9,41047010503,Marion,,
740,9243,7974,127,72,379,34,313,344,37.5,41047002000,Marion,,
741,5328,4098,242,104,93,23,613,155,61,41047001803,Marion,,
742,7944,6938,42,108,61,13,480,302,42.8,41047010701,Marion,,
743,3576,3237,25,27,118,12,31,126,25,41047002400,Marion,,
744,5317,4044,53,69,56,71,750,274,65.1,41047001502,Marion,,
745,4994,3419,59,141,47,57,924,347,75.6,41047000400,Marion,,
746,9254,5480,135,192,254,150,2564,479,82.3,41047001602,Marion,,
747,8436,5221,121,170,346,218,1946,414,80,41047001604,Marion,,
748,2507,2295,5,48,14,2,18,125,25.1,41047010600,Marion,,
749,2077,1931,1,6,12,1,89,37,27.8,41047002600,Marion,,
750,4799,2845,96,142,28,13,1525,150,81.3,41047010305,Marion,,
751,5288,3047,91,104,55,133,1560,298,83.1,41047000502,Marion,,
752,5740,4912,46,43,134,17,372,216,45.8,41047001401,Marion,,
753,5123,3953,17,42,62,9,900,140,63.8,41047002502,Marion,,
754,3780,2381,53,73,66,72,943,192,80,41047000501,Marion,,
755,6172,5324,90,91,163,55,231,218,37.8,41047002102,Marion,,
756,7250,6239,90,82,230,75,250,284,36.8,41047002303,Marion,,
757,6275,5588,53,68,132,71,112,251,30.5,41047002202,Marion,,
758,2294,2002,31,53,29,15,75,89,37.1,41047002101,Marion,,
759,9063,7914,51,99,256,26,395,322,38.2,41047002501,Marion,,
760,5180,4487,89,49,232,13,95,215,34.9,41047002304,Marion,,
761,7498,5730,37,131,69,7,1297,227,65.4,41047010202,Marion,,
762,5910,4661,22,49,97,3,886,192,63.3,41047010307,Marion,,
763,2671,2332,15,23,13,3,206,79,42.2,41047010201,Marion,,
764,2036,1844,12,23,41,3,52,61,30.3,41047002201,Marion,,
765,1491,1378,0,18,8,2,40,45,21.7,41069960100,Wheeler,,
766,9009,5105,39,250,65,8,3204,338,82.9,41047010306,Marion,,
767,5737,4791,67,98,79,47,364,291,46.3,41047001402,Marion,,
768,8256,5716,475,160,154,47,1399,305,72.6,41047000701,Marion,,
769,4811,3746,14,721,21,8,31,270,43.8,41035970200,Klamath,,
770,3117,2907,15,47,10,1,33,104,17.9,41035970100,Klamath,,
771,3213,2958,7,59,26,2,39,122,23.7,41035970300,Klamath,,
772,2380,2129,8,44,17,3,79,100,30.7,41035970800,Klamath,,
773,4526,4062,32,101,61,5,78,187,28.9,41035970900,Klamath,,
774,2605,2450,4,40,12,3,34,62,18.5,41035971000,Klamath,,
775,5480,4771,46,177,89,14,177,206,38.1,41035971100,Klamath,,
776,2559,2119,25,127,11,0,164,113,47.3,41035971200,Klamath,,
777,5377,4685,37,160,33,3,248,211,39.9,41035971400,Klamath,,
778,4176,3398,35,199,44,3,282,215,51.4,41035971500,Klamath,,
779,3309,2301,59,228,25,1,437,258,70.7,41035971600,Klamath,,
780,2984,2321,30,119,45,6,315,148,58.5,41035971700,Klamath,,
781,2384,1980,41,122,42,4,62,133,41.1,41035971800,Klamath,,
782,4598,4133,22,100,97,10,43,193,28.7,41035972000,Klamath,,
783,5484,4886,33,144,50,7,175,189,31.7,41035971300,Klamath,,
784,3511,2932,53,224,47,1,65,189,41.3,41035971900,Klamath,,
785,1589,1410,12,40,6,2,70,49,36.8,41035970500,Klamath,,
786,1613,1242,1,18,0,2,300,50,69.6,41035970600,Klamath,,
787,2216,1788,9,23,5,3,319,69,60.1,41035970700,Klamath,,
788,1406,1214,3,33,8,0,111,37,43.9,41035970400,Klamath,,
789,7071,6675,16,39,69,7,98,167,20.1,41017001200,Deschutes,,
790,11199,10474,63,71,186,12,91,302,18.7,41017001300,Deschutes,,
791,5562,5287,14,17,70,13,46,115,15.4,41017001400,Deschutes,,
792,5734,4865,41,81,68,17,472,190,45.6,41017001500,Deschutes,,
793,7879,7227,55,91,79,11,174,242,29.5,41017001700,Deschutes,,
794,7009,6343,39,68,101,5,275,178,33.6,41017002000,Deschutes,,
795,11186,9963,96,99,180,23,456,369,33.6,41017002100,Deschutes,,
796,5260,4459,45,69,63,4,423,197,46.3,41017001600,Deschutes,,
797,10460,9824,48,70,119,26,129,244,19.6,41017001100,Deschutes,,
798,7751,7071,30,82,44,11,312,201,30.6,41017000700,Deschutes,,
799,6472,5868,30,73,76,22,225,178,32.3,41017000800,Deschutes,,
800,7156,6138,24,124,37,8,588,237,47,41017000900,Deschutes,,
801,7730,6757,57,73,113,15,460,255,40.4,41017001800,Deschutes,,
802,1908,1819,2,22,26,5,6,28,13.4,41017000100,Deschutes,,
803,4691,4377,7,65,46,6,36,154,19.2,41017000200,Deschutes,,
804,8131,7642,13,99,44,9,64,260,17.9,41017000300,Deschutes,,
805,6054,5722,8,43,44,11,88,138,19,41017000500,Deschutes,,
806,6633,6312,35,23,47,6,99,111,14.5,41017000600,Deschutes,,
807,2819,2715,13,18,12,5,7,49,11.6,41017000402,Deschutes,,
808,8450,7649,46,76,132,10,328,209,31.8,41017001902,Deschutes,,
809,1691,1594,7,9,20,0,6,55,15.4,41017001901,Deschutes,,
810,2362,2252,0,12,16,1,36,45,18.3,41017001002,Deschutes,,
811,13142,11723,80,148,115,27,617,432,36.1,41017001001,Deschutes,,
812,4860,4516,17,54,24,2,100,147,24.1,41017000401,Deschutes,,
813,3060,2873,11,44,14,1,42,75,18.7,41001950200,Baker,,
814,2737,2579,8,37,9,1,19,84,16.5,41001950300,Baker,,
815,3046,2879,3,40,26,0,22,76,16.2,41001950400,Baker,,
816,2652,2505,25,16,16,0,43,47,17.5,41001950500,Baker,,
817,1943,1866,9,19,2,2,6,39,11.5,41001950600,Baker,,
818,2783,2643,1,26,11,5,35,62,15.3,41001950100,Baker,,
819,2623,2427,13,47,15,1,39,81,21.9,41033361400,Josephine,,
820,4277,4040,7,32,43,10,24,121,19.4,41033360400,Josephine,,
821,8565,7839,49,172,67,15,108,315,25.9,41033361600,Josephine,,
822,2090,1957,11,34,8,2,21,57,21,41033360100,Josephine,,
823,2581,2392,11,43,20,0,19,96,21.1,41033361500,Josephine,,
824,2510,2367,5,30,18,1,38,51,20.2,41033360900,Josephine,,
825,7125,6536,24,97,52,28,123,265,28,41033361200,Josephine,,
826,7274,6802,28,79,69,3,98,195,21,41033361300,Josephine,,
827,5703,5182,40,68,61,18,116,218,29.8,41033360702,Josephine,,
828,5474,5058,33,103,37,16,40,187,21.2,41033360300,Josephine,,
829,4178,3720,24,63,50,19,111,191,34.2,41033360701,Josephine,,
830,8938,8181,58,106,68,11,209,305,29.2,41033361100,Josephine,,
831,4773,4502,4,54,22,7,40,144,19.8,41033361000,Josephine,,
832,5165,4795,21,64,54,3,89,139,22,41033360800,Josephine,,
833,6415,5849,49,81,89,13,98,236,28.5,41033360600,Josephine,,
834,5679,5134,34,58,65,11,184,193,32.9,41033360500,Josephine,,
