OBJECTID,GEOID10,County,WCh18,WOCH18,WHITE_CY,BLACK_CY,AMERIND_CY,ASIAN_CY,PACIFIC_CY,OTHRACE_CY,RACE2UP_CY,DIVINDX_CY,x,y
1,41049970100,Morrow,42364,54730,5845,71,111,94,15,1924,228,74.7,,
2,41049970200,Morrow,65294,59583,2954,5,37,10,0,134,94,26.6,,
3,41007950100,Clatsop,39438,61696,2719,18,51,67,2,206,93,42.4,,
4,41007950200,Clatsop,47621,59167,3433,28,26,61,2,40,107,21.2,,
5,41007950300,Clatsop,39737,56700,2587,60,50,66,23,155,147,46.8,,
6,41007950400,Clatsop,69333,64514,3341,17,46,26,6,37,84,17.1,,
7,41007950500,Clatsop,31622,40096,4405,26,68,56,37,88,137,25.1,,
8,41007950600,Clatsop,64375,66477,2350,23,22,21,3,68,78,24.8,,
9,41007950700,Clatsop,72188,57656,1931,6,14,19,3,71,53,26.3,,
10,41007951300,Clatsop,63300,65042,2216,8,16,27,1,17,59,15.3,,
11,41007951200,Clatsop,58958,44787,2900,8,28,25,3,34,91,20.8,,
12,41007950900,Clatsop,42663,61563,3992,43,46,50,4,258,147,39.5,,
14,41007951100,Clatsop,28426,69137,4103,13,33,67,7,287,102,35.8,,
15,41003010200,Benton,82102,83958,3797,18,39,58,3,33,141,20.9,,
16,41003000600,Benton,37667,54453,4134,89,41,202,19,201,204,40.1,,
17,41003010100,Benton,84956,78793,8086,49,63,153,14,83,205,19.2,,
18,41003000500,Benton,74833,84551,3002,19,13,91,3,18,94,19,,
19,41003000100,Benton,37390,54792,6036,109,53,248,25,369,304,44.4,,
20,41003010400,Benton,65781,66328,3492,13,37,25,3,152,88,29.6,,
21,41003010300,Benton,81354,72222,3027,5,37,24,0,28,96,16.1,,
22,41003000900,Benton,113214,88281,4579,36,26,372,19,87,176,32.1,,
23,41003000400,Benton,100956,96302,6945,86,38,621,8,88,244,31.1,,
24,41003001001,Benton,50208,70375,2980,49,59,205,19,411,157,61.7,,
25,41003001002,Benton,55357,64050,2717,31,18,213,7,74,136,35.8,,
26,41003001101,Benton,53807,21510,3126,49,34,369,11,49,149,37.8,,
27,41003001102,Benton,38167,60250,3817,58,23,461,14,76,210,39.2,,
28,41003000202,Benton,96023,70350,4619,55,31,304,13,70,179,28.8,,
29,41003010702,Benton,48621,57344,2871,73,27,387,32,63,162,42.6,,
30,41003010800,Benton,65898,66719,3154,26,45,26,0,118,138,31,,
31,41003010600,Benton,23958,25913,4322,91,59,541,37,152,273,45.6,,
32,41003010900,Benton,94853,92882,4376,67,18,239,13,77,178,30,,
33,41027950100,Hood River,51250,65441,3299,26,74,54,18,675,158,65.8,,
34,41027950200,Hood River,84543,66927,6067,27,32,133,9,447,192,43.4,,
35,41027950300,Hood River,43796,75250,5134,41,43,80,5,451,187,55.2,,
36,41027950400,Hood River,46034,53036,4375,28,49,51,13,988,212,70.7,,
37,41059951400,Umatilla,52667,51250,2237,0,39,9,1,37,78,19,,
38,41059950500,Umatilla,55313,61538,3892,20,91,43,10,171,160,33.5,,
39,41059950200,Umatilla,34875,46186,5380,40,63,42,2,1860,210,74.5,,
40,41059950700,Umatilla,37458,60789,2108,7,115,16,4,86,111,37.5,,
41,41059950900,Umatilla,37454,62768,3271,27,51,22,3,997,99,72.1,,
42,41059951100,Umatilla,40243,64864,4486,51,64,66,21,928,160,64.6,,
43,41059950800,Umatilla,47917,63654,5982,171,110,43,10,1317,281,69.2,,
44,41059950100,Umatilla,54327,53102,3799,5,44,42,1,250,100,36.6,,
45,41059951000,Umatilla,48043,69781,4681,45,86,64,6,1333,194,72,,
46,41059950400,Umatilla,78571,82768,5539,173,179,89,9,160,157,36.5,,
47,41071030400,Yamhill,71580,75404,7412,23,78,59,14,163,249,23.5,,
48,41071030900,Yamhill,52500,60448,3653,18,51,37,1,607,133,59.9,,
49,41071031000,Yamhill,49345,81328,3632,26,100,26,6,200,158,37.5,,
50,41071030702,Yamhill,38325,50769,5997,46,96,79,11,923,282,58.3,,
51,41071030801,Yamhill,41715,63400,4014,43,84,62,7,878,213,65.6,,
52,41071030802,Yamhill,20000,38365,3563,80,57,142,20,472,213,62.3,,
53,41071030501,Yamhill,62670,60143,4876,362,236,117,59,466,275,57,,
54,41071030202,Yamhill,33368,53036,5159,63,79,74,14,805,224,58.6,,
55,41071030502,Yamhill,44808,51464,4284,35,359,108,3,126,252,39.6,,
56,41071030701,Yamhill,74255,70759,6827,41,99,132,16,601,200,43.1,,
57,41071030201,Yamhill,38167,64167,5061,58,58,202,24,520,224,49.9,,
58,41071030302,Yamhill,108000,97292,2088,6,2,25,1,28,43,18.6,,
59,41071030102,Yamhill,76674,81850,6997,57,50,138,8,289,213,29.7,,
60,41071030602,Yamhill,78098,77341,5377,41,54,114,22,371,172,41.3,,
61,41071030601,Yamhill,45694,52222,2839,22,50,22,5,497,155,61.5,,
62,41071030101,Yamhill,69167,82181,5194,24,27,157,6,183,194,30,,
63,41071030301,Yamhill,75378,69882,8680,41,110,111,8,560,313,41.1,,
64,41059940000,Umatilla,58438,57643,1368,17,1403,8,1,23,169,61.1,,
65,41059951200,Umatilla,48517,61863,6393,53,102,162,24,1729,315,71.4,,
66,41059951300,Umatilla,44000,68750,2803,9,45,5,7,748,127,66.1,,
67,41059950300,Umatilla,61667,66771,2565,7,57,12,0,100,66,27.9,,
68,41059950600,Umatilla,75360,56563,5436,53,213,88,5,274,240,38.5,,
69,41057960200,Tillamook,37917,48793,2348,9,19,28,0,17,68,15.9,,
70,41057960300,Tillamook,44327,63207,2195,1,19,22,1,64,53,23.3,,
71,41057960700,Tillamook,67143,60329,2404,10,21,13,0,47,68,20.9,,
72,41057960100,Tillamook,29861,50000,3342,14,25,38,5,51,104,21.9,,
73,41057960400,Tillamook,43429,64138,6726,59,108,65,48,450,188,42,,
74,41057960500,Tillamook,40954,62159,1823,1,33,20,4,208,68,49.6,,
75,41057960600,Tillamook,57031,48393,2033,6,25,11,0,49,39,23.3,,
77,41057960800,Tillamook,35469,51200,2310,1,25,30,1,83,50,28.1,,
78,41039000404,Lane,55370,55880,3332,16,30,21,3,162,112,32,,
103,41039004800,Lane,11711,64219,3925,73,45,475,10,55,270,40.5,,
104,41039001202,Lane,58287,60046,3597,10,63,62,9,60,149,25.9,,
105,41039001500,Lane,40500,47550,4187,43,71,28,3,56,200,24.3,,
106,41039001801,Lane,57292,69275,4826,40,67,95,5,134,229,30.7,,
107,41039000200,Lane,58068,73281,4720,11,42,43,3,28,172,15.2,,
108,41039003202,Lane,31652,52112,3524,49,47,80,14,161,175,41.6,,
109,41039001400,Lane,44821,59615,2385,5,24,23,5,21,119,19.7,,
110,41039000300,Lane,74559,66765,2161,8,21,36,7,57,91,27.3,,
111,41039003600,Lane,101594,79231,3208,35,35,141,1,62,165,30.6,,
112,41039000403,Lane,41574,58266,4542,35,73,30,9,140,163,28.8,,
113,41039003400,Lane,22250,46406,4091,73,80,63,16,345,265,49.3,,
114,41039001600,Lane,58088,59100,4755,38,62,34,10,51,225,22.1,,
115,41039000100,Lane,44806,57760,4950,28,63,44,9,33,142,17.8,,
116,41039002102,Lane,30231,33590,5335,133,84,131,65,420,394,50.3,,
117,41053020204,Polk,58561,61313,4207,11,77,33,0,85,118,23,,
118,41053020203,Polk,54125,60820,2668,14,49,23,5,27,113,24,,
119,41053020400,Polk,44167,52448,5040,26,569,23,11,108,386,38.8,,
120,41053020302,Polk,52308,58894,7093,45,166,90,15,1774,370,69.5,,
121,41053005202,Polk,64311,64583,7883,91,75,314,51,374,415,41.7,,
122,41053005201,Polk,73155,87654,7885,102,88,309,19,338,396,39.3,,
131,41039000902,Lane,56250,59718,4354,9,44,33,5,23,154,16.4,,
132,41039001002,Lane,67234,78750,3935,17,45,49,9,90,156,24.5,,
133,41039003500,Lane,64115,62897,3986,27,69,53,12,132,174,31.8,,
134,41039004401,Lane,43461,59735,4814,120,81,131,9,368,384,50.3,,
135,41039001001,Lane,80361,64000,2489,17,20,28,5,10,80,16.5,,
136,41039004300,Lane,37717,42125,5479,78,122,94,16,454,319,47.4,,
137,41039004200,Lane,30625,28059,2893,66,92,33,9,226,240,51.2,,
138,41039001201,Lane,51250,45799,3697,10,51,48,3,115,133,27.7,,
139,41039003102,Lane,87188,55435,5926,225,74,579,15,158,423,43.2,,
140,41039005300,Lane,45956,93194,2319,31,16,63,4,30,120,26.4,,
141,41039002800,Lane,55774,60238,3554,37,46,55,4,212,198,41,,
142,41053005100,Polk,22264,34896,1636,14,69,17,9,301,119,64.4,,
143,41053020202,Polk,52118,58233,5992,14,128,45,8,139,186,27.3,,
144,41053005300,Polk,112409,81435,7815,67,92,234,13,331,322,35.2,,
145,41053020304,Polk,74276,62917,5456,72,93,211,28,483,273,49.5,,
146,41053020303,Polk,78142,74185,3855,84,59,184,29,294,232,47.8,,
147,41053020500,Polk,62466,58220,6284,15,100,72,11,97,145,21,,
157,41039003800,Lane,0,9688,5232,115,28,1039,29,94,351,45.8,,
158,41039004000,Lane,33262,41111,2128,38,36,32,3,123,160,42.8,,
159,41039002401,Lane,89615,70660,3548,37,18,126,13,43,121,24.7,,
160,41039001904,Lane,26750,39828,4356,32,65,68,12,331,259,43.7,,
161,41039002600,Lane,50306,45391,5697,73,95,136,35,344,401,43.3,,
162,41039001804,Lane,69271,66941,3455,23,30,35,12,76,158,28.7,,
163,41039001101,Lane,65577,71401,5093,15,46,68,6,204,202,28.9,,
164,41039001102,Lane,51176,59464,3617,21,38,24,4,73,101,21.2,,
165,41039002903,Lane,104688,71513,2360,24,15,116,1,25,98,28.5,,
166,41039002301,Lane,34471,62000,3477,47,61,57,4,153,182,36.7,,
167,41039004501,Lane,31250,54211,2177,34,36,100,5,47,122,34.9,,
168,41039003301,Lane,24695,47939,2650,30,56,37,8,307,161,50.6,,
169,41039000706,Lane,36140,42583,2400,15,25,27,5,21,54,16.3,,
170,41039002403,Lane,72432,68333,3936,29,33,103,17,37,150,25.5,,
171,41039002700,Lane,43485,50968,3479,36,81,49,9,201,266,43.1,,
172,41039005400,Lane,94199,64844,4644,44,27,194,9,44,210,25.5,,
173,41039002501,Lane,49321,52500,4275,57,93,115,22,170,198,39,,
174,41039001903,Lane,46630,49267,2558,23,49,12,3,209,143,44.2,,
175,41039003900,Lane,26938,37637,2521,86,49,87,15,117,147,41,,
176,41039001700,Lane,79457,55532,4987,20,66,72,5,59,165,19,,
177,41039000903,Lane,66750,63295,4988,26,68,38,16,89,190,23,,
178,41039000702,Lane,64375,57315,2396,9,33,18,4,13,83,16.9,,
179,41039001301,Lane,30679,59526,3133,16,32,28,1,82,101,23.3,,
180,41039000402,Lane,45000,67964,3181,14,42,19,8,88,106,23.4,,
181,41039004403,Lane,26203,39324,3740,116,53,160,27,318,305,53,,
182,41039002001,Lane,85339,60938,2865,13,41,40,6,67,91,25.5,,
183,41039004100,Lane,54028,54278,3461,23,43,67,2,90,152,28.5,,
184,41039002202,Lane,95481,67578,5034,81,38,306,11,56,204,29.4,,
185,41039000904,Lane,48519,48235,2802,3,56,35,4,58,119,25.4,,
186,41039003101,Lane,47432,81250,5275,87,50,303,25,100,254,32.7,,
187,41039002101,Lane,24167,63958,2365,36,49,60,7,149,132,43.8,,
188,41039001302,Lane,45969,50553,4737,17,69,53,0,96,217,26.2,,
189,41039000800,Lane,43348,60978,1483,3,18,16,0,8,61,17.1,,
190,41039000500,Lane,51875,38889,2063,2,32,18,0,3,61,15.3,,
191,41039005100,Lane,51250,56767,2639,41,50,91,5,51,207,35.6,,
192,41039005200,Lane,78333,71927,2053,13,11,72,0,5,98,22.5,,
193,41039004700,Lane,83611,77083,3257,46,37,89,3,58,139,26.8,,
194,41039004900,Lane,116630,105000,3844,55,20,201,7,43,172,27.8,,
195,41039004600,Lane,53750,49946,2409,49,23,49,2,36,144,29.6,,
196,41039002002,Lane,55938,65481,4400,42,68,96,22,192,235,37.5,,
197,41039005000,Lane,63412,82578,4563,64,47,173,8,103,220,30.6,,
198,41039002404,Lane,63493,54188,3569,58,56,55,19,111,168,34.2,,
199,41039002902,Lane,49438,71875,3370,54,32,104,14,53,225,32.3,,
200,41039002201,Lane,62143,73667,3275,27,31,143,10,37,111,25.9,,
201,41039003201,Lane,32474,37202,2634,52,46,44,4,183,171,46.7,,
202,41039003000,Lane,70602,77264,4002,55,21,157,7,70,168,27.7,,
203,41039001902,Lane,34024,57031,5521,91,105,70,29,459,314,48.5,,
204,41039001803,Lane,61369,53821,3602,40,41,18,7,80,185,27,,
205,41039003700,Lane,88438,82279,3379,53,22,382,9,63,182,38.3,,
206,41039002302,Lane,64756,60202,4125,41,40,83,12,133,195,31.8,,
207,41039000708,Lane,50588,40956,2088,13,46,15,1,25,71,20.7,,
208,41039000707,Lane,51957,48627,3832,13,47,40,15,64,104,22.4,,
210,41025960200,Harney,41875,51989,2074,9,22,7,0,47,54,19.4,,
211,41039002504,Lane,39750,52542,2428,45,39,76,6,215,142,48.9,,
212,41039004405,Lane,79721,88565,4177,55,32,277,3,36,198,28.3,,
213,41039003302,Lane,15458,36591,2829,41,45,37,8,174,208,44.5,,
214,41039002904,Lane,55541,65688,3014,51,27,285,11,64,128,35.4,,
215,41039004502,Lane,27462,57596,2932,59,40,88,10,192,152,43.8,,
216,41039000705,Lane,37404,45607,3447,5,54,50,14,43,167,26.2,,
217,41039002503,Lane,63231,58875,6642,109,75,266,19,330,336,40.8,,
218,41039004404,Lane,83833,76364,2999,34,34,155,7,33,171,31.1,,
219,41063960200,Wallowa,46250,50750,1824,6,11,9,1,4,42,11.5,,
220,41063960300,Wallowa,55417,50898,3103,12,27,13,1,21,70,13.6,,
221,41063960100,Wallowa,49107,51339,1872,13,12,6,5,15,43,12.6,,
222,41013950400,Crook,38802,47210,3617,11,73,18,1,50,65,16.6,,
223,41013950100,Crook,51094,60091,6530,13,131,41,5,234,157,27.5,,
224,41013950200,Crook,50536,49417,3960,5,46,27,1,178,86,28.3,,
225,41013950300,Crook,45701,57500,5061,15,75,18,4,267,133,32.3,,
226,41025960100,Harney,45139,47548,4824,21,218,29,1,70,178,26.1,,
227,41041950800,Lincoln,28542,54398,2953,23,54,34,5,87,118,32,,
228,41041950900,Lincoln,44077,61429,2796,15,102,65,6,349,160,55.2,,
229,41041951000,Lincoln,24861,74063,1766,32,48,60,5,307,87,60.6,,
230,41041951100,Lincoln,73269,84643,1457,13,21,22,3,76,61,40.7,,
231,41041951200,Lincoln,78194,54125,1816,2,32,16,2,6,76,18.4,,
232,41041950100,Lincoln,49922,51667,3212,14,96,13,0,48,128,24.8,,
233,41041950400,Lincoln,29750,44427,3231,23,154,55,3,297,158,48.7,,
234,41041951800,Lincoln,65184,57981,2974,8,611,15,6,34,281,44.8,,
235,41041951300,Lincoln,74659,44844,2272,3,82,20,2,20,82,22.4,,
236,41041951400,Lincoln,23852,65313,2686,27,105,12,2,32,114,26,,
237,41041951500,Lincoln,72692,47500,2343,5,21,17,2,17,70,14.4,,
238,41041951600,Lincoln,74643,45811,3283,21,53,35,10,18,155,20.8,,
239,41041951700,Lincoln,48125,54476,1888,32,45,15,2,27,33,22.6,,
240,41041950602,Lincoln,58534,53427,2016,0,34,27,4,43,70,23.9,,
242,41041950304,Lincoln,85118,85160,2729,9,108,32,3,273,128,47.5,,
243,41041950303,Lincoln,112756,76554,1200,11,35,45,7,34,28,31.4,,
244,41041950601,Lincoln,64490,51404,2359,12,58,34,1,24,70,20.2,,
251,41051001202,Multnomah,130577,84167,2945,23,14,166,9,27,108,25.2,,
252,41051001301,Multnomah,70167,68819,3502,39,24,127,2,56,156,27.2,,
253,41051001302,Multnomah,87143,81875,2665,22,9,157,5,32,152,29.3,,
254,41051001400,Multnomah,85893,69500,4240,67,27,228,2,78,199,30.4,,
255,41051001500,Multnomah,83750,88333,3022,15,12,110,7,30,126,23.4,,
256,41051001601,Multnomah,79948,69427,4949,117,44,502,50,147,256,40.5,,
257,41051001602,Multnomah,35764,55032,2823,227,48,815,28,244,229,64.2,,
258,41051001701,Multnomah,69038,63182,5061,294,95,643,24,239,321,49.7,,
259,41051001702,Multnomah,44464,57381,2751,243,60,491,21,123,264,57,,
260,41021960100,Gilliam,39167,59250,1811,3,19,3,13,26,26,17.2,,
261,41061970600,Union,64375,73684,3634,19,29,58,21,34,99,20.1,,
262,41061970100,Union,46172,51603,3253,6,34,10,14,42,56,14.9,,
263,41061970300,Union,52031,50811,2075,0,24,15,9,34,71,19.5,,
264,41061970200,Union,47857,52500,3283,4,36,8,5,40,87,16.1,,
265,41061970400,Union,49342,59167,2864,17,42,18,16,26,53,16.3,,
266,41051001801,Multnomah,38831,59828,3213,250,49,191,5,100,216,43.1,,
267,41051001802,Multnomah,79063,66607,3011,47,11,149,2,38,124,27,,
268,41051001900,Multnomah,133194,112031,4616,58,31,167,2,43,162,22.9,,
269,41051002000,Multnomah,36333,70050,4809,105,38,156,9,61,214,29.2,,
270,41051002100,Multnomah,33417,73906,2230,72,55,49,6,73,121,37.8,,
271,41051002401,Multnomah,130313,106688,2324,268,8,98,3,12,104,35.4,,
272,41051002402,Multnomah,84688,80667,2845,175,27,110,6,62,115,35,,
273,41051002501,Multnomah,145313,127135,4281,99,10,119,7,25,164,23.2,,
274,41051002502,Multnomah,82262,56711,3404,179,28,107,4,76,127,33.2,,
275,41061970700,Union,29534,42734,2835,53,64,62,98,69,85,32.9,,
276,41061970500,Union,41250,51620,3014,21,53,25,77,40,83,25.3,,
277,41061970800,Union,38667,46786,3339,23,31,46,42,100,111,27.5,,
278,41051002600,Multnomah,106316,113333,2495,33,5,68,1,16,105,20.4,,
279,41051002701,Multnomah,128625,92083,2841,18,5,108,0,24,150,23.8,,
280,41051002702,Multnomah,90875,67344,2325,93,23,131,9,21,93,31.1,,
281,41051002801,Multnomah,103125,75688,2505,38,5,245,5,25,86,29.8,,
282,41051002802,Multnomah,84688,63182,2573,76,25,169,3,32,115,33.8,,
283,41051002901,Multnomah,50833,70245,3636,218,50,313,22,103,164,41.6,,
284,41051002902,Multnomah,52173,81295,4233,233,44,450,8,142,245,44.3,,
285,41051003000,Multnomah,102008,85197,3780,284,16,147,4,51,176,33.1,,
286,41051003100,Multnomah,109643,72250,3974,284,38,116,22,62,194,34.8,,
287,41051003200,Multnomah,75714,58487,3134,480,39,112,12,64,233,45.2,,
288,41051003301,Multnomah,25234,40526,1801,714,25,50,3,176,190,66.5,,
289,41051003302,Multnomah,75345,58125,1977,573,30,43,1,57,133,53,,
290,41051003401,Multnomah,13517,54514,2016,935,67,95,28,166,213,68.2,,
291,41051003402,Multnomah,49121,56500,1980,836,41,62,13,106,232,63.8,,
292,41051003501,Multnomah,62768,76319,2741,333,33,163,31,158,183,53.3,,
293,41051003502,Multnomah,85323,97895,1725,146,20,66,3,29,109,38.4,,
294,41051003601,Multnomah,48333,61635,2538,1168,47,64,28,274,307,69.2,,
295,41051003602,Multnomah,51586,62050,3983,1340,35,135,39,261,399,61.1,,
296,41051003603,Multnomah,46346,83750,979,349,14,76,0,31,88,58.7,,
297,41051003701,Multnomah,63929,44110,2662,984,43,140,36,272,263,67.3,,
298,41009970200,Columbia,67097,58214,5691,29,96,34,11,62,206,18.8,,
299,41009970400,Columbia,76094,55909,2296,1,23,19,1,18,73,14.4,,
300,41009970900,Columbia,61587,75000,4533,26,58,73,14,102,177,24.6,,
301,41009970300,Columbia,53750,63393,3894,23,69,20,7,55,140,20.3,,
302,41009970500,Columbia,77549,61652,5944,30,67,63,8,49,214,18.9,,
303,41009970600,Columbia,75776,68007,5751,34,60,69,12,66,196,18.9,,
304,41009970700,Columbia,42844,58407,3817,19,73,38,11,55,194,28,,
305,41009970800,Columbia,65893,53803,6369,50,114,102,24,115,340,29.6,,
306,41009971000,Columbia,70208,73672,4367,27,64,41,7,97,140,23.2,,
307,41009971100,Columbia,63661,51250,3424,19,44,22,4,17,92,16.6,,
308,41051003702,Multnomah,75795,44602,1826,455,21,64,0,64,119,51.4,,
309,41051003801,Multnomah,64145,50469,2224,233,29,146,44,60,232,52,,
310,41051003802,Multnomah,22115,59375,2270,189,24,148,29,106,209,50.1,,
311,41051003803,Multnomah,60577,68906,2864,415,38,201,24,130,243,53.8,,
312,41051003901,Multnomah,53192,59815,4465,1081,128,310,133,618,587,71.4,,
313,41051003902,Multnomah,64681,68438,2526,125,33,105,34,65,161,38.4,,
314,41051004001,Multnomah,29985,56750,4184,1387,153,286,125,1023,550,79.2,,
315,41051004002,Multnomah,75139,84779,4831,121,67,176,64,208,394,39.7,,
316,41011000502,Coos,24432,40125,2587,14,96,42,2,30,156,28.9,,
317,41011000100,Coos,46875,51989,5457,26,97,41,4,57,175,18.8,,
318,41011001000,Coos,38438,46851,6432,23,99,71,9,85,206,21.3,,
319,41011000400,Coos,47951,54730,5722,19,146,124,13,76,309,28.9,,
320,41011001100,Coos,49583,50822,5348,18,148,12,4,53,311,25,,
321,41011000600,Coos,80486,55363,2381,4,58,56,2,37,131,28.3,,
322,41011000700,Coos,38858,39875,6417,54,180,76,22,221,421,35,,
323,41011000300,Coos,52202,50580,3050,19,79,45,9,62,192,33,,
324,41011000900,Coos,60779,45536,6818,43,149,44,5,154,247,25.4,,
325,41051004101,Multnomah,36708,44521,4277,878,188,343,82,1095,603,78.3,,
326,41051004102,Multnomah,41336,67837,3824,251,105,171,64,343,295,58.1,,
327,41051004200,Multnomah,64524,59861,2724,189,46,96,24,202,153,50,,
328,41051980000,Multnomah,0,0,7,1,0,0,0,0,0,21.9,,
329,41051004500,Multnomah,180313,83500,1824,45,18,64,3,26,53,25.1,,
330,41051004601,Multnomah,130250,164511,3075,20,6,137,2,19,91,20.1,,
331,41045970300,Malheur,33906,67632,3382,24,30,123,7,489,128,60.8,,
332,41045970400,Malheur,28889,36573,3029,38,100,43,8,1917,210,83.3,,
333,41045970600,Malheur,40962,59250,3876,5,53,43,8,298,108,42.9,,
334,41045970200,Malheur,45667,66250,3545,26,42,126,0,689,151,64.3,,
335,41045970500,Malheur,52286,45766,3582,16,50,72,0,1248,175,75.7,,
336,41045970700,Malheur,67750,44531,1593,0,4,26,0,80,50,41.4,,
337,41011000200,Coos,74671,51820,2283,2,61,17,5,7,90,17.4,,
338,41011000800,Coos,50417,47813,2716,6,68,39,1,28,90,21.6,,
339,41011000504,Coos,32375,45960,5306,58,304,61,28,210,332,40.4,,
341,41011000503,Coos,33125,57500,2363,27,105,52,13,163,178,47.7,,
342,41051004602,Multnomah,185795,133077,1888,12,7,79,0,14,77,23.3,,
343,41051004700,Multnomah,93819,88839,3658,43,23,178,6,50,181,29.3,,
344,41051004800,Multnomah,27015,83021,2465,36,18,116,4,52,134,32.2,,
345,41051004900,Multnomah,77713,88906,2935,91,35,211,10,79,141,38.2,,
346,41051005000,Multnomah,91583,112750,2201,30,6,182,2,20,77,28.8,,
347,41051005100,Multnomah,23229,102396,6902,543,136,463,24,125,389,41.7,,
348,41051005200,Multnomah,31083,69688,4004,143,36,225,3,81,210,36.2,,
349,41051005500,Multnomah,12946,104940,1939,92,30,230,11,45,135,44.8,,
350,41051005600,Multnomah,67788,93750,4078,118,49,761,22,83,248,46.3,,
352,41045970900,Malheur,48485,56346,5121,262,88,88,7,275,87,45.7,,
353,41051005700,Multnomah,49741,86019,2880,66,18,405,6,58,178,40.8,,
354,41051005800,Multnomah,205733,108036,4359,44,14,441,8,41,169,30.3,,
355,41051005900,Multnomah,86067,92250,5804,99,39,481,12,99,265,33.4,,
356,41051006001,Multnomah,184750,116033,1242,13,7,67,8,7,54,25.7,,
357,41051006002,Multnomah,120083,131974,1970,19,6,88,2,19,56,22.6,,
358,41051006100,Multnomah,109844,100875,2200,18,13,98,3,4,91,23.8,,
359,41051006200,Multnomah,106058,93194,2605,33,16,71,15,27,98,23.4,,
360,41051006501,Multnomah,115729,89167,5109,161,28,233,16,124,249,32.7,,
361,41051006502,Multnomah,76875,68833,3565,93,29,132,28,61,182,33,,
362,41051006601,Multnomah,118571,91625,2312,16,11,70,5,28,108,24.1,,
363,41051006602,Multnomah,69934,72550,4202,140,26,165,25,56,270,34.5,,
364,41051006701,Multnomah,87188,80647,2756,35,6,104,1,24,114,24,,
365,41051006702,Multnomah,71194,86354,2697,58,19,127,1,45,126,29.3,,
366,41051007202,Multnomah,41372,77813,1831,324,16,260,24,194,134,64.1,,
367,41051007300,Multnomah,6806,79583,1382,332,52,54,10,80,37,59.6,,
368,41065970800,Wasco,38843,52750,3458,9,834,14,3,59,134,44.1,,
369,41065970100,Wasco,62917,66297,3474,21,46,38,44,333,78,47.8,,
370,41065970200,Wasco,41563,46607,2458,7,60,30,6,186,93,47.6,,
371,41065970300,Wasco,40577,84907,2566,16,40,23,22,158,88,44.1,,
372,41065970400,Wasco,38393,55179,2601,20,56,18,17,165,88,48.9,,
373,41065970500,Wasco,19818,45036,2924,24,64,41,43,318,116,56,,
374,41065970600,Wasco,69524,43250,2587,15,42,23,9,173,51,43.4,,
375,41065970700,Wasco,35833,83214,1648,11,3,12,2,78,24,34,,
376,41051009605,Multnomah,16806,66563,3554,513,42,680,56,656,314,73.2,,
377,41051009604,Multnomah,29117,52961,3314,368,85,161,71,853,262,76,,
378,41051010500,Multnomah,71500,79866,3731,26,26,54,0,54,139,20.1,,
379,41051009502,Multnomah,62353,57255,2483,569,62,455,90,543,226,76.5,,
380,41051004300,Multnomah,52813,99728,976,8,12,38,1,17,27,25.3,,
381,41051006300,Multnomah,163523,133676,4542,50,19,244,2,69,209,28,,
382,41051006402,Multnomah,134476,97135,5273,48,24,249,3,38,223,23.3,,
383,41051006801,Multnomah,135598,143875,1978,44,18,97,4,8,68,27.8,,
384,41051007400,Multnomah,38220,51089,1928,771,106,115,16,545,221,80.6,,
385,41051007500,Multnomah,36667,64583,3200,856,81,389,12,356,324,68.9,,
386,41051007600,Multnomah,23793,56204,1969,309,81,233,21,727,189,81.6,,
387,41051007700,Multnomah,24700,46705,1317,138,19,222,16,173,102,66.4,,
388,41051007900,Multnomah,38269,51413,2755,423,41,516,65,387,275,69.3,,
389,41051008001,Multnomah,57604,54318,2456,222,41,288,19,156,146,54.3,,
390,41051008002,Multnomah,55417,68906,2198,149,45,404,35,146,123,57.3,,
391,41051008100,Multnomah,36334,65313,4908,591,104,683,94,553,394,65.6,,
392,41051008201,Multnomah,51429,46375,2201,106,29,421,25,132,113,55,,
393,41051008202,Multnomah,34386,57568,5685,419,88,668,15,622,380,61.5,,
394,41019110000,Douglas,74167,62865,2644,2,44,19,3,17,67,15.8,,
395,41019020000,Douglas,49226,45833,3448,9,45,50,0,50,143,24.1,,
396,41019030000,Douglas,38214,54716,3679,19,94,7,1,56,138,21.8,,
397,41019080000,Douglas,83361,61618,6915,31,69,185,21,80,233,22.2,,
398,41019120000,Douglas,23859,45938,6957,47,158,87,23,152,317,29.2,,
399,41019130000,Douglas,47726,48580,5294,46,133,62,23,79,199,26.6,,
400,41019140000,Douglas,37160,48297,4699,53,107,59,11,77,195,27.7,,
401,41019160000,Douglas,43529,39245,6972,29,139,66,7,86,272,22.4,,
402,41019150000,Douglas,42414,48783,6826,28,146,65,4,89,208,24.2,,
403,41019050001,Douglas,46369,49570,4313,15,63,21,2,45,126,17.7,,
404,41019010000,Douglas,31765,41974,2142,8,42,19,7,28,63,20.3,,
405,41019060000,Douglas,55764,70875,3435,7,40,29,2,39,100,18.5,,
406,41019210000,Douglas,39000,44188,4165,12,89,20,4,81,189,26.2,,
407,41019090000,Douglas,34821,54458,5477,38,94,80,2,92,163,23.4,,
408,41051006802,Multnomah,141071,115167,3210,25,18,102,7,27,125,23.7,,
409,41051006900,Multnomah,149167,149375,2338,26,7,119,9,21,80,22.7,,
410,41051007000,Multnomah,207708,132024,6819,86,23,1113,10,67,342,37.7,,
411,41051007201,Multnomah,18583,63859,2144,52,21,47,7,89,68,32,,
412,41051008600,Multnomah,45733,53026,2810,229,69,590,12,404,289,69.9,,
413,41051008902,Multnomah,69412,73485,3022,150,37,382,22,317,145,56.9,,
414,41051008901,Multnomah,70884,79821,7135,365,75,1432,39,269,409,51.8,,
415,41051009201,Multnomah,31703,52131,5622,681,104,819,80,781,428,67.2,,
416,41051008301,Multnomah,26614,33523,2074,418,79,1223,71,320,245,76.3,,
417,41051008302,Multnomah,51000,57443,2698,197,60,575,23,390,178,67.8,,
418,41051008400,Multnomah,25398,44211,3029,312,46,613,41,405,207,66.6,,
419,41051008500,Multnomah,33614,66000,2950,202,54,578,33,375,237,65.8,,
420,41051008700,Multnomah,39324,55833,3546,95,42,449,16,244,239,52.4,,
421,41051009000,Multnomah,37591,46068,6285,614,132,1092,148,985,504,69.6,,
422,41051009102,Multnomah,54020,64395,4492,282,50,973,57,416,333,62.1,,
423,41051009202,Multnomah,45053,46000,3189,325,63,492,27,440,236,66.7,,
424,41051009603,Multnomah,42008,60867,2651,147,51,195,40,542,167,67.4,,
425,41019050002,Douglas,38594,70464,6467,24,156,39,9,135,206,25.8,,
426,41019040000,Douglas,27656,43000,2470,6,56,22,6,40,98,23.7,,
427,41019070000,Douglas,61542,62898,5075,13,62,36,0,42,114,16.1,,
428,41019180000,Douglas,44412,46411,4427,14,119,39,5,52,230,24.2,,
431,41019100000,Douglas,38242,40703,3035,27,76,11,7,30,85,20.7,,
432,41019170000,Douglas,53529,48657,3676,16,86,26,10,15,176,20.2,,
434,41051009302,Multnomah,35352,61098,2975,344,41,485,31,268,255,64.4,,
435,41051009803,Multnomah,27773,60556,5194,262,90,535,36,651,340,61.6,,
436,41051009903,Multnomah,100714,83542,5056,96,40,692,16,112,176,38.6,,
437,41051010200,Multnomah,59368,71500,4267,271,64,533,51,672,267,63.7,,
438,41051010304,Multnomah,38920,58839,2827,183,108,157,25,1157,246,80.5,,
439,41051010306,Multnomah,68281,68361,3940,111,62,250,8,183,210,43.9,,
440,41051010402,Multnomah,93307,79167,5626,63,32,196,24,178,243,32.6,,
441,41051010407,Multnomah,69950,68750,4767,114,48,110,9,418,273,49.7,,
442,41051009400,Multnomah,63930,62177,5183,311,52,668,56,233,227,47.8,,
443,41051009501,Multnomah,29777,81250,2743,704,47,718,64,357,221,71.4,,
444,41051009701,Multnomah,32983,43176,3782,350,86,596,41,627,306,69.1,,
445,41051010408,Multnomah,53944,37102,5191,64,69,128,10,514,267,51.3,,
446,41051007100,Multnomah,84000,99049,2513,11,76,57,6,65,89,28.7,,
447,41051009301,Multnomah,26775,36837,3845,574,119,325,40,901,365,75.8,,
448,41051010002,Multnomah,66644,72222,4220,136,58,299,17,222,265,47.6,,
449,41051010305,Multnomah,65833,66042,3672,47,36,109,29,120,148,32.6,,
450,41051009101,Multnomah,39514,65205,3712,363,65,586,83,557,320,68.9,,
451,41051009804,Multnomah,30855,59877,2439,143,35,215,16,204,166,55.3,,
452,41051010100,Multnomah,47643,49074,7256,255,99,353,47,785,419,54.6,,
453,41051009606,Multnomah,31360,45194,3233,362,116,274,149,1155,317,81.3,,
454,41051009702,Multnomah,41789,59531,5752,260,87,502,89,1155,337,69.2,,
455,41051009801,Multnomah,26923,37216,3175,333,55,111,58,735,251,75.4,,
456,41051010001,Multnomah,24122,49524,4253,204,96,155,39,768,261,66.9,,
457,41051010303,Multnomah,45477,82340,4514,143,58,345,25,375,276,53.6,,
458,41051010405,Multnomah,41827,59414,4686,145,104,197,30,597,262,59.9,,
459,41051010409,Multnomah,68571,85460,6556,67,47,198,55,353,284,38.2,,
460,41051006404,Multnomah,63341,104541,3196,66,16,199,9,42,150,31.2,,
461,41051009905,Multnomah,65906,94875,2712,44,23,146,18,114,167,41.9,,
462,41051009907,Multnomah,52647,77625,4288,73,57,136,8,434,244,50,,
463,41051010411,Multnomah,51490,52835,2266,45,43,76,9,410,134,60.6,,
464,41051006403,Multnomah,47813,101442,3075,305,35,269,33,94,217,48.9,,
465,41051010410,Multnomah,38068,62838,3581,125,71,83,27,482,234,58.1,,
466,41055950100,Sherman,63125,54327,1700,4,29,3,1,54,32,22.7,,
467,41051002903,Multnomah,23795,64191,3390,504,79,755,40,194,364,63.5,,
468,41051007800,Multnomah,46071,63594,1261,145,23,131,38,115,83,60.3,,
469,41051008800,Multnomah,51518,59110,3058,124,58,351,9,294,210,56.7,,
470,41051000100,Multnomah,76827,73417,5498,38,54,169,7,69,266,26.3,,
471,41051000200,Multnomah,81098,89231,5085,72,48,188,12,98,230,29.3,,
472,41051000301,Multnomah,88700,76141,4356,127,41,331,7,68,257,36.2,,
473,41051009904,Multnomah,56494,61625,2958,113,124,116,7,203,213,51.6,,
474,41051009906,Multnomah,103092,67316,3172,59,24,135,6,101,134,35.2,,
475,41051010600,Multnomah,21875,26875,2711,337,84,163,6,71,141,47.6,,
476,41051002303,Multnomah,34000,69881,1624,238,26,69,6,47,109,46.8,,
477,41051002203,Multnomah,66979,65625,2316,720,39,68,6,82,170,55.4,,
478,41031960100,Jefferson,42031,60875,1870,54,115,12,0,141,42,43.7,,
479,41031940000,Jefferson,30521,51667,89,2,2863,1,0,20,165,30.5,,
480,41031960302,Jefferson,38553,54167,3540,19,124,19,9,395,137,52.8,,
481,41031960202,Jefferson,38550,51900,4172,44,341,47,12,685,269,65.6,,
482,41031960201,Jefferson,37423,56799,2148,30,183,27,9,849,175,79.9,,
483,41031960301,Jefferson,65490,55146,3387,12,46,9,1,27,78,13.5,,
484,41051000302,Multnomah,139519,94750,6439,34,40,226,7,29,182,19.9,,
485,41051000401,Multnomah,65843,89625,3063,27,21,201,1,26,143,28.8,,
486,41051000402,Multnomah,52713,58047,2998,35,37,324,14,75,198,41.6,,
487,41051000501,Multnomah,50500,55911,3041,58,43,294,0,100,194,43,,
488,41051000502,Multnomah,50172,54583,3375,116,54,518,84,271,214,56.1,,
489,41051000601,Multnomah,31338,54018,3399,256,87,861,29,511,324,70.7,,
490,41051000602,Multnomah,36944,47554,3176,233,76,795,33,465,294,69.9,,
491,41051000701,Multnomah,44306,57171,3215,119,34,626,25,110,161,48.9,,
493,41037960100,Lake,36250,30833,2568,10,63,8,0,55,129,24.3,,
494,41043030600,Linn,55547,58188,6395,43,66,34,8,223,222,27.7,,
495,41043030300,Linn,73594,65213,2206,16,30,4,0,24,91,18.2,,
496,41043020100,Linn,62500,77561,8381,64,146,128,6,317,310,31.5,,
497,41043020200,Linn,39295,60430,1613,7,15,36,8,28,59,25.8,,
498,41043030700,Linn,54336,65872,3754,6,34,46,4,119,126,25,,
499,41043020300,Linn,74231,82270,6519,43,46,167,9,237,250,31.1,,
500,41043020600,Linn,54196,59492,7762,76,86,148,23,402,354,39,,
501,41043030100,Linn,73646,49000,5649,23,93,31,7,91,177,19.5,,
502,41043030500,Linn,60156,75270,3960,32,37,25,2,53,131,19.5,,
503,41043030902,Linn,55294,59005,6447,36,109,58,4,141,290,25.6,,
504,41043020500,Linn,45461,62768,3385,27,50,75,8,296,166,46.4,,
505,41043030401,Linn,59363,45481,6000,21,95,36,10,65,194,19.6,,
506,41043030903,Linn,40313,43000,5830,26,68,70,9,114,192,22.8,,
507,41043030200,Linn,77725,62981,6338,30,92,51,25,126,192,23.3,,
508,41043020400,Linn,34393,36724,3596,40,87,34,6,230,182,42.5,,
509,41043030800,Linn,35385,56071,7231,42,130,75,12,175,262,26.5,,
510,41043030402,Linn,55139,63869,6299,22,93,69,11,67,218,21.1,,
511,41043030904,Linn,53529,58095,3602,22,62,77,1,79,173,27.1,,
512,41051000702,Multnomah,55125,53654,3456,169,71,762,35,161,264,55.9,,
513,41051000801,Multnomah,47348,65313,3755,76,33,364,2,78,214,37.8,,
514,41051000802,Multnomah,41661,70125,3633,155,54,297,27,169,219,46.2,,
515,41051000901,Multnomah,65347,65298,3562,37,18,224,3,58,165,29.5,,
516,41051000902,Multnomah,23467,54150,3307,293,34,417,15,112,228,51,,
517,41051001000,Multnomah,64000,64792,4803,101,44,203,10,72,271,31.8,,
518,41051001101,Multnomah,39306,65000,1862,88,27,59,4,38,100,34.6,,
519,41051001102,Multnomah,89955,40417,1201,5,22,92,0,11,44,28.6,,
520,41051001201,Multnomah,55500,50924,4568,93,42,132,2,68,231,29.2,,
521,41043020700,Linn,35833,42500,4733,69,72,44,18,386,238,44.3,,
522,41043020802,Linn,31193,38194,4798,101,96,53,19,707,273,58.9,,
523,41043020801,Linn,11319,48370,2058,23,52,26,3,224,84,49.8,,
524,41005022907,Clackamas,53790,61607,2834,34,44,17,17,1116,142,76.4,,
525,41005022904,Clackamas,61579,49545,2830,23,53,39,10,485,109,58.4,,
526,41005022905,Clackamas,74949,92841,3659,21,57,66,2,259,121,40.9,,
527,41005023002,Clackamas,39917,80391,3322,13,33,31,5,50,106,20.7,,
528,41005023001,Clackamas,46806,97617,3209,26,39,29,1,32,108,18.9,,
529,41005023403,Clackamas,60988,61220,4497,22,53,72,11,82,194,27,,
530,41005023404,Clackamas,61595,67940,5582,22,92,59,8,115,184,26,,
531,41005023902,Clackamas,53672,43355,4203,25,53,36,4,460,141,45.8,,
532,41005023901,Clackamas,52601,70833,4463,29,50,52,17,302,154,41.1,,
533,41005024303,Clackamas,77301,70217,2946,5,56,18,2,90,94,26.8,,
534,41005024304,Clackamas,63214,61568,2332,1,15,25,4,33,74,20,,
535,41067031909,Washington,103872,90106,3720,69,23,621,18,52,290,44.3,,
536,41067031812,Washington,66216,64873,4345,178,23,608,26,152,308,49.4,,
537,41067031912,Washington,78375,85403,3517,45,45,228,16,466,180,56.6,,
538,41067031616,Washington,80486,51179,2177,68,38,468,14,194,162,60.1,,
539,41067031609,Washington,43141,69145,6188,477,86,920,53,644,472,64,,
540,41067032700,Washington,97250,84427,4452,15,51,105,17,107,130,28.9,,
541,41067031509,Washington,79211,82132,2363,90,33,516,14,139,180,56.9,,
542,41067031514,Washington,119250,94625,4603,143,21,1622,26,112,296,55,,
543,41067031513,Washington,134972,103583,6252,168,22,4762,5,113,443,58.2,,
544,41067030101,Washington,91010,88333,6537,141,33,616,20,129,278,34.8,,
545,41067030102,Washington,161250,91680,4292,100,15,508,14,143,236,41.5,,
546,41067031615,Washington,58977,71188,3755,66,59,505,52,854,240,72.2,,
547,41067032408,Washington,93357,85486,4524,140,41,1273,16,132,326,56.1,,
548,41067032608,Washington,107750,90893,1801,43,16,232,8,78,97,48.9,,
549,41067032610,Washington,83382,98720,2347,41,29,192,4,173,108,52.6,,
550,41067031805,Washington,130385,82095,5605,121,33,742,33,206,334,46,,
551,41067031814,Washington,107386,89073,3257,41,10,588,7,70,183,43.1,,
552,41067032107,Washington,72563,85652,1723,14,13,46,14,73,59,35.8,,
553,41067032104,Washington,91250,89539,4393,28,17,94,30,140,172,27.7,,
554,41067032001,Washington,56026,86167,4658,87,28,176,44,370,251,46.9,,
555,41067032410,Washington,73958,72396,2549,44,105,188,9,862,183,78.9,,
556,41067032502,Washington,67870,75882,2109,58,42,214,20,361,137,66.9,,
557,41067032501,Washington,27151,38750,2411,98,76,77,5,687,172,75.5,,
558,41067032409,Washington,20048,49074,3096,60,125,63,17,1642,253,78.5,,
559,41067033302,Washington,92332,78906,4564,49,31,91,15,147,169,31.4,,
560,41067032606,Washington,47089,66875,5002,74,105,130,50,954,263,67.7,,
561,41067031614,Washington,65774,54848,3073,155,56,809,24,424,273,69.6,,
562,41067032407,Washington,72004,80903,3780,96,25,688,21,286,264,57.1,,
563,41067032108,Washington,83611,94917,3657,46,55,145,21,169,184,42.4,,
564,41067033301,Washington,78207,58125,4741,44,66,103,16,410,209,49.3,,
565,41067031815,Washington,112704,97314,4771,139,12,1045,13,151,312,49.3,,
566,41067031617,Washington,42019,89659,3201,208,25,916,22,239,332,65,,
567,41067032800,Washington,64479,65833,1134,7,6,9,0,55,27,28.7,,
568,41067032110,Washington,100602,76250,3174,161,71,83,0,56,59,30.5,,
569,41067032109,Washington,149219,109583,2709,41,8,150,10,23,119,28.8,,
570,41067032003,Washington,41552,34156,2685,62,56,148,63,633,206,72,,
571,41067032004,Washington,46744,96384,1623,29,8,53,3,175,84,49.1,,
572,41067032005,Washington,32560,74688,2646,89,42,81,114,1143,178,80.4,,
573,41067030806,Washington,83393,108913,2011,51,12,186,38,247,133,59,,
574,41067032607,Washington,81563,107692,2642,92,19,542,8,49,101,46.2,,
575,41067032609,Washington,98929,76250,1650,34,22,370,1,67,95,52.6,,
576,41067033101,Washington,39279,49348,2503,23,27,40,3,213,107,45.2,,
577,41067033102,Washington,58267,54167,2365,8,64,48,8,641,111,69.8,,
578,41067032901,Washington,50911,48306,3883,69,77,181,3,1259,239,76.1,,
579,41005022103,Clackamas,81563,67366,4392,96,29,972,26,115,287,49.2,,
580,41005020304,Clackamas,103713,99730,4349,59,17,668,8,51,171,37,,
581,41005020303,Clackamas,87054,112963,4733,74,28,366,25,49,203,31.2,,
582,41005021801,Clackamas,71940,84943,5145,33,49,138,4,94,170,24.8,,
583,41005021802,Clackamas,37833,64236,3616,73,37,88,18,247,177,46.2,,
584,41005020503,Clackamas,135521,127596,2001,10,15,60,0,19,63,20.6,,
585,41005023201,Clackamas,110054,76016,4010,20,28,73,7,58,84,18.8,,
586,41005024100,Clackamas,60144,63667,4751,14,39,18,3,37,113,14.6,,
587,41005023500,Clackamas,66821,76758,5266,16,73,75,3,249,154,29.3,,
588,41005023600,Clackamas,83750,78088,3625,11,29,36,3,74,101,20,,
589,41005024200,Clackamas,55426,59097,5399,35,54,56,7,133,150,23.6,,
590,41005024000,Clackamas,69081,63214,2682,7,15,10,2,31,50,15.1,,
591,41005024302,Clackamas,80205,83173,4540,20,39,25,4,232,102,29.6,,
592,41005023700,Clackamas,79583,79792,4431,19,48,35,2,39,125,16.3,,
593,41005020100,Clackamas,212917,108000,3523,34,17,155,1,41,119,25.5,,
594,41005020200,Clackamas,128800,82321,5825,31,17,229,9,57,182,22.2,,
595,41005020302,Clackamas,112841,70516,3058,40,20,245,4,48,147,34.1,,
596,41067033200,Washington,21518,42308,4371,60,81,326,22,1414,329,76.2,,
597,41005020401,Clackamas,95341,70962,4761,24,25,213,5,42,191,26.1,,
598,41005020404,Clackamas,125954,119028,3566,13,15,129,2,33,111,21.4,,
599,41005020501,Clackamas,130927,97321,6196,86,23,381,14,97,229,28.8,,
600,41005020504,Clackamas,126538,99375,5772,24,34,281,4,32,175,21.8,,
601,41005020600,Clackamas,115163,118561,7398,87,18,307,4,88,288,25.3,,
602,41005020700,Clackamas,109405,102885,3541,13,10,100,5,59,131,23.8,,
603,41067031504,Washington,94216,86667,5309,94,47,386,32,156,287,37.7,,
604,41067031611,Washington,83347,90500,4019,195,25,2248,12,285,288,64.6,,
605,41067031705,Washington,44531,51750,3250,156,75,303,35,991,251,76.2,,
606,41067031610,Washington,59205,70601,5634,209,74,932,46,644,378,63.2,,
607,41067031511,Washington,110074,98988,2330,45,19,421,1,145,168,52.4,,
608,41067031403,Washington,62891,67917,3679,56,63,288,26,569,278,62.6,,
609,41067032103,Washington,100906,93095,8928,94,64,337,25,281,390,33.3,,
610,41067031612,Washington,52639,99107,2204,133,20,443,11,239,271,65,,
611,41005020800,Clackamas,45417,66643,3478,44,61,93,15,61,121,27,,
612,41005020900,Clackamas,43274,60144,3359,96,44,62,10,75,161,31.3,,
613,41005021000,Clackamas,71750,65563,4098,53,89,89,6,118,156,33.2,,
614,41005021100,Clackamas,46638,66250,4869,49,52,162,20,212,198,35.8,,
615,41005021200,Clackamas,29549,59000,3437,76,57,70,3,135,138,36.5,,
616,41005021500,Clackamas,61094,88750,4451,59,35,223,11,79,175,30.3,,
617,41067030300,Washington,102303,122100,4250,38,13,168,7,46,153,22.5,,
618,41067030401,Washington,39663,72917,3688,76,21,159,37,227,203,42.7,,
619,41067030402,Washington,141019,69129,3798,92,29,187,17,219,198,42,,
620,41067030501,Washington,72652,67955,4779,64,24,168,43,250,209,36.8,,
621,41067030600,Washington,97443,84764,4468,82,39,223,51,187,230,39.8,,
622,41067031512,Washington,97917,95750,4896,116,17,1937,38,149,327,55.9,,
623,41067031300,Washington,39069,55352,4927,205,71,491,41,1152,414,74.4,,
624,41005021601,Clackamas,47459,63835,4557,141,99,200,27,502,283,56.5,,
625,41005021602,Clackamas,43399,76667,4138,113,64,172,11,385,317,53.4,,
626,41005022101,Clackamas,54519,67614,5783,93,73,166,11,285,279,39.8,,
627,41005022201,Clackamas,30408,42768,3310,216,73,226,48,647,263,71.6,,
628,41005022602,Clackamas,77368,84556,4069,14,32,94,4,74,99,20.5,,
629,41005022400,Clackamas,60994,63879,3720,24,43,39,10,48,145,23.7,,
630,41067031404,Washington,60765,79653,3687,66,41,211,8,509,198,57.4,,
631,41067031402,Washington,26295,41094,1847,111,40,300,14,436,186,75.6,,
632,41067031806,Washington,83281,94716,4094,152,32,538,10,410,259,56.3,,
633,41067031807,Washington,96063,83000,2843,66,33,313,17,206,118,49.6,,
634,41067031904,Washington,99632,84135,2445,33,16,177,7,107,94,38.1,,
635,41067032406,Washington,76451,84057,6379,149,98,872,33,737,472,61.3,,
636,41067032200,Washington,94554,85225,7172,51,36,300,8,204,285,31,,
637,41067032300,Washington,77176,73750,3482,88,56,461,60,416,211,62.5,,
638,41067032603,Washington,86125,81639,6070,101,43,369,29,342,286,43.9,,
639,41067032404,Washington,64971,86667,6027,67,56,341,45,620,320,54.7,,
640,41067032503,Washington,76818,75764,2728,47,43,192,14,387,158,62.2,,
641,41067032604,Washington,67576,55625,4482,83,84,174,13,997,289,68.4,,
642,41067031606,Washington,52574,59056,3876,296,80,565,23,741,366,72,,
643,41067031613,Washington,42604,59942,4564,361,87,601,31,925,414,72.6,,
644,41005022500,Clackamas,49583,69534,7075,43,89,77,19,202,307,30.6,,
645,41005022901,Clackamas,73750,79500,3126,19,39,64,2,86,99,26.7,,
646,41005022702,Clackamas,124271,111538,6048,48,31,301,6,70,209,24.1,,
647,41005023202,Clackamas,90789,88050,5882,59,35,336,15,93,210,29.3,,
648,41005021700,Clackamas,52875,64091,5371,94,64,90,17,228,212,34.1,,
649,41005021900,Clackamas,40649,49917,3047,31,40,57,15,173,121,39.4,,
650,41005022000,Clackamas,81417,66327,5774,55,46,117,33,132,242,28.7,,
651,41005021400,Clackamas,56570,77241,4306,74,34,102,6,158,162,32.1,,
652,41067031706,Washington,37319,48889,3218,207,71,490,31,878,253,76.6,,
653,41067031703,Washington,57589,83542,3488,73,55,360,22,553,242,64.6,,
654,41067031704,Washington,73345,76107,6378,200,81,592,23,660,371,58.3,,
655,41067031804,Washington,71667,102529,4429,146,33,725,10,398,273,58.1,,
656,41067030200,Washington,98438,84464,5257,110,31,234,18,123,216,30.1,,
657,41067030900,Washington,45931,48711,3588,209,49,193,165,838,251,73,,
658,41005021300,Clackamas,60534,74700,5259,59,55,116,21,195,217,35,,
659,41005023100,Clackamas,100729,91964,5706,30,26,130,12,69,136,17.8,,
660,41005023300,Clackamas,83306,83106,4585,26,37,115,1,95,118,23.1,,
661,41005023401,Clackamas,67054,71569,3889,11,57,84,4,257,107,36.3,,
662,41005022800,Clackamas,83707,106625,3806,9,20,41,2,80,37,16.3,,
663,41005023800,Clackamas,72332,65850,5966,19,62,73,13,335,117,32.5,,
664,41005980000,Clackamas,0,0,208,22,11,3,15,15,23,59.6,,
665,41005020505,Clackamas,130341,69000,2612,14,13,74,13,12,56,16,,
666,41005020403,Clackamas,193500,92292,3361,16,14,127,6,12,84,17.6,,
667,41005022107,Clackamas,35682,81354,3038,121,44,195,18,164,192,49.1,,
668,41005022105,Clackamas,70313,94043,4996,113,62,757,36,154,240,45,,
669,41005022108,Clackamas,19803,43047,2328,39,64,24,6,256,109,52.6,,
670,41067031003,Washington,100938,77222,5975,158,49,475,48,354,357,46.8,,
671,41067031004,Washington,75241,75739,5692,92,20,559,63,222,352,42.3,,
672,41067031005,Washington,37175,47019,3920,130,70,247,32,1066,255,74.8,,
673,41067031006,Washington,34241,67417,4605,188,57,384,39,661,312,62.9,,
674,41067031100,Washington,40563,62216,1809,91,22,99,4,532,171,75.6,,
675,41005022206,Clackamas,99659,73576,4832,114,35,1178,10,129,266,48.7,,
676,41005022205,Clackamas,93833,110074,2706,34,12,409,25,114,102,44.8,,
677,41005022208,Clackamas,96740,82639,4820,105,27,1104,6,57,261,44.5,,
678,41005022207,Clackamas,117963,104464,3979,75,19,818,7,37,187,42,,
679,41005022301,Clackamas,75929,79394,3576,25,46,46,15,41,91,21.7,,
680,41005022708,Clackamas,87353,91635,3326,25,36,77,29,310,122,50.5,,
681,41005022302,Clackamas,70273,74464,4838,16,41,122,12,90,170,25.6,,
682,41005022606,Clackamas,75000,82250,4119,34,20,96,0,81,120,23.5,,
683,41067031200,Washington,30806,54038,4685,337,89,433,34,1552,311,77.5,,
684,41067031507,Washington,115685,111016,4125,62,13,621,13,172,213,46.7,,
685,41067031508,Washington,146411,130677,6032,53,20,1209,13,90,332,41.9,,
686,41067030502,Washington,86685,78542,3293,109,25,148,19,118,154,36.5,,
687,41067032902,Washington,46466,62667,4883,82,106,102,9,2188,277,79.5,,
688,41067030803,Washington,80556,62885,4189,75,23,270,15,117,154,33.1,,
689,41067031506,Washington,92552,78750,3154,70,22,276,11,182,172,45,,
690,41023960200,Grant,48553,42930,5156,17,65,21,5,67,111,16.1,,
691,41023960100,Grant,33182,37431,2001,3,26,6,3,16,71,17.1,,
692,41005022605,Clackamas,51026,64071,6622,70,70,144,13,216,196,29.9,,
693,41005022603,Clackamas,58438,75347,2826,25,28,60,5,151,109,42.4,,
694,41005022707,Clackamas,56563,112317,3440,35,32,162,21,136,167,38.4,,
695,41005022710,Clackamas,63611,61029,2281,33,33,184,12,191,108,51.2,,
696,41005024400,Clackamas,78049,73750,5340,84,51,317,25,300,279,45.7,,
697,41005022906,Clackamas,61181,71917,2564,4,33,17,3,266,53,42.6,,
698,41067030700,Washington,31140,54583,1168,35,29,86,24,154,50,63.7,,
699,41067030801,Washington,73125,74408,5605,118,60,281,93,531,286,55.2,,
700,41067033000,Washington,79286,78500,4959,19,46,104,7,238,139,33.5,,
701,41067033400,Washington,75000,111083,2231,4,17,7,1,41,52,18.5,,
702,41067033500,Washington,82292,85750,3759,16,36,47,5,50,132,22.3,,
703,41067033600,Washington,65515,100104,2142,3,9,27,1,44,58,21.4,,
704,41067031911,Washington,68750,87674,3912,95,27,457,25,152,247,44.7,,
705,41067031910,Washington,103500,100926,6340,139,74,955,31,245,347,46.4,,
706,41067030805,Washington,98164,87167,3351,52,31,135,15,78,109,30.8,,
707,41067031907,Washington,57367,66071,4811,95,41,239,14,199,152,37.5,,
708,41067031908,Washington,113807,85417,5334,137,37,974,16,134,275,46.2,,
709,41067031813,Washington,121696,73636,4385,114,34,916,6,89,274,45.5,,
710,41047010801,Marion,58640,68421,5173,38,96,44,15,306,245,38.9,,
711,41047010802,Marion,50287,65625,5448,14,106,52,20,400,195,42.3,,
712,41047010702,Marion,48194,69375,5920,13,65,43,10,141,172,22.7,,
713,41047001501,Marion,55064,81719,3854,35,53,70,8,214,203,39.5,,
714,41047010501,Marion,81938,71339,5137,11,49,67,6,103,112,20.6,,
715,41047001200,Marion,40526,73594,3080,71,55,73,25,141,153,39.4,,
716,41047001300,Marion,59625,69500,3499,37,49,78,23,102,181,34.1,,
717,41047010400,Marion,53173,50714,4103,29,56,50,23,783,166,63.6,,
718,41047000900,Marion,39467,46272,4539,81,94,126,22,724,344,62.5,,
719,41047001601,Marion,34000,79167,5290,112,96,446,51,1447,368,73.3,,
720,41047001702,Marion,53297,53750,3738,48,108,255,89,1283,253,78.1,,
721,41047002800,Marion,73594,73882,3658,25,36,87,12,132,142,31.1,,
722,41047001703,Marion,53000,70972,3387,36,54,100,37,569,164,61.6,,
723,41047001603,Marion,47695,68092,4745,77,112,380,34,1270,357,73.9,,
724,41047002301,Marion,65729,80104,2812,25,27,80,11,85,140,33.5,,
725,41047010303,Marion,45938,62614,3160,23,137,28,1,1363,172,79,,
726,41047001000,Marion,24894,34120,2790,100,81,45,84,554,229,68.1,,
727,41047001801,Marion,21109,51276,4344,109,139,112,77,1532,262,76.8,,
728,41047010304,Marion,37642,51000,3279,60,275,33,8,2528,324,83.7,,
729,41047010502,Marion,51447,61689,5229,26,56,47,5,339,175,38.6,,
730,41047010100,Marion,69821,61250,1230,0,10,8,0,177,30,55.3,,
731,41047001503,Marion,36625,34500,3882,57,84,53,56,1164,249,73.8,,
732,41047001701,Marion,33378,37350,4047,84,105,216,153,1403,337,79.3,,
733,41047000200,Marion,64063,79464,2829,49,69,129,10,108,162,40.4,,
734,41047000600,Marion,41686,47585,4107,69,84,69,32,470,205,52,,
735,41047001100,Marion,47765,77240,4192,100,79,50,35,245,203,41.4,,
736,41047000300,Marion,32621,45144,3701,84,95,39,76,809,261,69.2,,
737,41047002700,Marion,64583,73418,7980,31,83,138,8,172,254,25.4,,
738,41047001802,Marion,44410,52532,4981,164,126,168,201,1544,485,76.5,,
739,41047010503,Marion,52218,62955,3448,9,26,35,3,264,103,38.9,,
740,41047002000,Marion,64864,77589,7974,127,72,379,34,313,344,37.5,,
741,41047001803,Marion,36343,41313,4098,242,104,93,23,613,155,61,,
742,41047010701,Marion,52534,67647,6938,42,108,61,13,480,302,42.8,,
743,41047002400,Marion,161303,97000,3237,25,27,118,12,31,126,25,,
744,41047001502,Marion,48117,55568,4044,53,69,56,71,750,274,65.1,,
745,41047000400,Marion,27760,37225,3419,59,141,47,57,924,347,75.6,,
746,41047001602,Marion,33550,41766,5480,135,192,254,150,2564,479,82.3,,
747,41047001604,Marion,33040,46250,5221,121,170,346,218,1946,414,80,,
748,41047010600,Marion,55521,61250,2295,5,48,14,2,18,125,25.1,,
749,41047002600,Marion,42273,61809,1931,1,6,12,1,89,37,27.8,,
750,41047010305,Marion,39295,44000,2845,96,142,28,13,1525,150,81.3,,
751,41047000502,Marion,19744,51181,3047,91,104,55,133,1560,298,83.1,,
752,41047001401,Marion,41839,67917,4912,46,43,134,17,372,216,45.8,,
753,41047002502,Marion,62955,51773,3953,17,42,62,9,900,140,63.8,,
754,41047000501,Marion,44449,66212,2381,53,73,66,72,943,192,80,,
755,41047002102,Marion,59931,52632,5324,90,91,163,55,231,218,37.8,,
756,41047002303,Marion,73443,61543,6239,90,82,230,75,250,284,36.8,,
757,41047002202,Marion,78125,81912,5588,53,68,132,71,112,251,30.5,,
758,41047002101,Marion,36250,76813,2002,31,53,29,15,75,89,37.1,,
759,41047002501,Marion,64250,60349,7914,51,99,256,26,395,322,38.2,,
760,41047002304,Marion,93854,75156,4487,89,49,232,13,95,215,34.9,,
761,41047010202,Marion,53516,58060,5730,37,131,69,7,1297,227,65.4,,
762,41047010307,Marion,72875,56852,4661,22,49,97,3,886,192,63.3,,
763,41047010201,Marion,83750,80313,2332,15,23,13,3,206,79,42.2,,
764,41047002201,Marion,73684,72596,1844,12,23,41,3,52,61,30.3,,
765,41069960100,Wheeler,41250,45000,1378,0,18,8,2,40,45,21.7,,
766,41047010306,Marion,45547,46053,5105,39,250,65,8,3204,338,82.9,,
767,41047001402,Marion,55057,64914,4791,67,98,79,47,364,291,46.3,,
768,41047000701,Marion,30250,37984,5716,475,160,154,47,1399,305,72.6,,
770,41035970100,Klamath,66490,40508,2907,15,47,10,1,33,104,17.9,,
789,41017001200,Deschutes,80268,71765,6675,16,39,69,7,98,167,20.1,,
790,41017001300,Deschutes,88382,78205,10474,63,71,186,12,91,302,18.7,,
791,41017001400,Deschutes,103472,98056,5287,14,17,70,13,46,115,15.4,,
792,41017001500,Deschutes,29851,71250,4865,41,81,68,17,472,190,45.6,,
793,41017001700,Deschutes,45719,64018,7227,55,91,79,11,174,242,29.5,,
794,41017002000,Deschutes,50590,70375,6343,39,68,101,5,275,178,33.6,,
795,41017002100,Deschutes,70077,66864,9963,96,99,180,23,456,369,33.6,,
796,41017001600,Deschutes,51875,59295,4459,45,69,63,4,423,197,46.3,,
797,41017001100,Deschutes,61066,79645,9824,48,70,119,26,129,244,19.6,,
798,41017000700,Deschutes,61850,55217,7071,30,82,44,11,312,201,30.6,,
799,41017000800,Deschutes,54301,55444,5868,30,73,76,22,225,178,32.3,,
800,41017000900,Deschutes,24473,49193,6138,24,124,37,8,588,237,47,,
801,41017001800,Deschutes,29554,51979,6757,57,73,113,15,460,255,40.4,,
802,41017000100,Deschutes,72125,87344,1819,2,22,26,5,6,28,13.4,,
803,41017000200,Deschutes,24167,48409,4377,7,65,46,6,36,154,19.2,,
804,41017000300,Deschutes,60750,56034,7642,13,99,44,9,64,260,17.9,,
805,41017000500,Deschutes,68580,70673,5722,8,43,44,11,88,138,19,,
806,41017000600,Deschutes,91250,87685,6312,35,23,47,6,99,111,14.5,,
807,41017000402,Deschutes,73400,47203,2715,13,18,12,5,7,49,11.6,,
808,41017001902,Deschutes,70424,69659,7649,46,76,132,10,328,209,31.8,,
809,41017001901,Deschutes,73964,78696,1594,7,9,20,0,6,55,15.4,,
810,41017001002,Deschutes,60769,62703,2252,0,12,16,1,36,45,18.3,,
811,41017001001,Deschutes,51083,54464,11723,80,148,115,27,617,432,36.1,,
812,41017000401,Deschutes,43098,75739,4516,17,54,24,2,100,147,24.1,,
813,41001950200,Baker,50197,61735,2873,11,44,14,1,42,75,18.7,,
814,41001950300,Baker,32188,52167,2579,8,37,9,1,19,84,16.5,,
815,41001950400,Baker,27270,54306,2879,3,40,26,0,22,76,16.2,,
816,41001950500,Baker,38750,48125,2505,25,16,16,0,43,47,17.5,,
817,41001950600,Baker,43929,41688,1866,9,19,2,2,6,39,11.5,,
818,41001950100,Baker,90274,63897,2643,1,26,11,5,35,62,15.3,,
