OBJECTID,GEOID10,County,TOTPOP_CY,POP18UNDER_CY,POP18UNDER_PCT,x,y
1,41049970100,Morrow,8288,2508,30.3,,
2,41049970200,Morrow,3234,720,22.3,,
3,41007950100,Clatsop,3156,705,22.3,,
4,41007950200,Clatsop,3697,603,16.3,,
5,41007950300,Clatsop,3088,641,20.8,,
6,41007950400,Clatsop,3557,715,20.1,,
7,41007950500,Clatsop,4817,1082,22.5,,
8,41007950600,Clatsop,2565,615,24,,
9,41007950700,Clatsop,2097,376,17.9,,
10,41007951300,Clatsop,2344,423,18,,
11,41007951200,Clatsop,3089,699,22.6,,
12,41007950900,Clatsop,4540,874,19.3,,
14,41007951100,Clatsop,4612,816,17.7,,
15,41003010200,Benton,4089,957,23.4,,
16,41003000600,Benton,4890,1079,22.1,,
17,41003010100,Benton,8653,2016,23.3,,
18,41003000500,Benton,3240,572,17.7,,
19,41003000100,Benton,7144,1436,20.1,,
20,41003010400,Benton,3810,802,21,,
21,41003010300,Benton,3217,577,17.9,,
22,41003000900,Benton,5295,855,16.1,,
23,41003000400,Benton,8030,1673,20.8,,
24,41003001001,Benton,3880,792,20.4,,
25,41003001002,Benton,3196,482,15.1,,
26,41003001101,Benton,3787,76,2,,
27,41003001102,Benton,4659,267,5.7,,
28,41003000202,Benton,5271,1055,20,,
29,41003010702,Benton,3615,293,8.1,,
30,41003010800,Benton,3507,904,25.8,,
31,41003010600,Benton,5475,192,3.5,,
32,41003010900,Benton,4968,1131,22.8,,
33,41027950100,Hood River,4304,1060,24.6,,
34,41027950200,Hood River,6907,1674,24.2,,
35,41027950300,Hood River,5941,1560,26.3,,
36,41027950400,Hood River,5716,1557,27.2,,
37,41059951400,Umatilla,2401,571,23.8,,
38,41059950500,Umatilla,4387,1035,23.6,,
39,41059950200,Umatilla,7597,2271,29.9,,
40,41059950700,Umatilla,2447,569,23.3,,
41,41059950900,Umatilla,4470,1336,29.9,,
42,41059951100,Umatilla,5776,1652,28.6,,
43,41059950800,Umatilla,7914,1855,23.4,,
44,41059950100,Umatilla,4241,850,20,,
45,41059951000,Umatilla,6409,1983,30.9,,
46,41059950400,Umatilla,6306,1171,18.6,,
47,41071030400,Yamhill,7998,1900,23.8,,
48,41071030900,Yamhill,4500,1274,28.3,,
49,41071031000,Yamhill,4148,1046,25.2,,
50,41071030702,Yamhill,7434,1971,26.5,,
51,41071030801,Yamhill,5301,1337,25.2,,
52,41071030802,Yamhill,4547,888,19.5,,
53,41071030501,Yamhill,6391,1022,16,,
54,41071030202,Yamhill,6418,1708,26.6,,
55,41071030502,Yamhill,5167,1455,28.2,,
56,41071030701,Yamhill,7916,1971,24.9,,
57,41071030201,Yamhill,6147,1194,19.4,,
58,41071030302,Yamhill,2193,454,20.7,,
59,41071030102,Yamhill,7752,2098,27.1,,
60,41071030602,Yamhill,6151,1641,26.7,,
61,41071030601,Yamhill,3590,914,25.5,,
62,41071030101,Yamhill,5785,1352,23.4,,
63,41071030301,Yamhill,9823,2678,27.3,,
64,41059940000,Umatilla,2989,747,25,,
65,41059951200,Umatilla,8778,2754,31.4,,
66,41059951300,Umatilla,3744,1078,28.8,,
67,41059950300,Umatilla,2807,701,25,,
68,41059950600,Umatilla,6309,1487,23.6,,
69,41057960200,Tillamook,2489,317,12.7,,
70,41057960300,Tillamook,2355,412,17.5,,
71,41057960700,Tillamook,2563,497,19.4,,
72,41057960100,Tillamook,3579,511,14.3,,
73,41057960400,Tillamook,7644,1868,24.4,,
74,41057960500,Tillamook,2157,511,23.7,,
75,41057960600,Tillamook,2163,380,17.6,,
77,41057960800,Tillamook,2500,429,17.2,,
78,41039000404,Lane,3676,796,21.7,,
103,41039004800,Lane,4853,433,8.9,,
104,41039001202,Lane,3950,812,20.6,,
105,41039001500,Lane,4588,874,19,,
106,41039001801,Lane,5396,1397,25.9,,
107,41039000200,Lane,5019,854,17,,
108,41039003202,Lane,4050,757,18.7,,
109,41039001400,Lane,2582,493,19.1,,
110,41039000300,Lane,2381,528,22.2,,
111,41039003600,Lane,3647,552,15.1,,
112,41039000403,Lane,4992,1211,24.3,,
113,41039003400,Lane,4933,1134,23,,
114,41039001600,Lane,5175,999,19.3,,
115,41039000100,Lane,5269,842,16,,
116,41039002102,Lane,6562,1404,21.4,,
117,41053020204,Polk,4531,1013,22.4,,
118,41053020203,Polk,2899,753,26,,
119,41053020400,Polk,6163,1341,21.8,,
120,41053020302,Polk,9553,2828,29.6,,
121,41053005202,Polk,9203,2366,25.7,,
122,41053005201,Polk,9137,2470,27,,
131,41039000902,Lane,4622,805,17.4,,
132,41039001002,Lane,4301,747,17.4,,
133,41039003500,Lane,4453,1072,24.1,,
134,41039004401,Lane,5907,1364,23.1,,
135,41039001001,Lane,2649,467,17.6,,
136,41039004300,Lane,6562,1442,22,,
137,41039004200,Lane,3559,567,15.9,,
138,41039001201,Lane,4057,807,19.9,,
139,41039003102,Lane,7400,998,13.5,,
140,41039005300,Lane,2583,473,18.3,,
141,41039002800,Lane,4106,868,21.1,,
142,41053005100,Polk,2165,593,27.4,,
143,41053020202,Polk,6512,1479,22.7,,
144,41053005300,Polk,8874,1922,21.7,,
145,41053020304,Polk,6616,1377,20.8,,
146,41053020303,Polk,4737,608,12.8,,
147,41053020500,Polk,6724,1632,24.3,,
157,41039003800,Lane,6888,96,1.4,,
158,41039004000,Lane,2520,342,13.6,,
159,41039002401,Lane,3906,818,20.9,,
160,41039001904,Lane,5123,1076,21,,
161,41039002600,Lane,6781,1518,22.4,,
162,41039001804,Lane,3789,998,26.3,,
163,41039001101,Lane,5634,1293,22.9,,
164,41039001102,Lane,3878,888,22.9,,
165,41039002903,Lane,2639,523,19.8,,
166,41039002301,Lane,3981,960,24.1,,
167,41039004501,Lane,2521,240,9.5,,
168,41039003301,Lane,3249,750,23.1,,
169,41039000706,Lane,2547,274,10.8,,
170,41039002403,Lane,4305,963,22.4,,
171,41039002700,Lane,4121,1048,25.4,,
172,41039005400,Lane,5172,972,18.8,,
173,41039002501,Lane,4930,1258,25.5,,
174,41039001903,Lane,2997,835,27.9,,
175,41039003900,Lane,3022,127,4.2,,
176,41039001700,Lane,5374,991,18.4,,
177,41039000903,Lane,5415,1200,22.2,,
178,41039000702,Lane,2556,349,13.7,,
179,41039001301,Lane,3393,675,19.9,,
180,41039000402,Lane,3458,565,16.3,,
181,41039004403,Lane,4719,959,20.3,,
182,41039002001,Lane,3123,608,19.5,,
183,41039004100,Lane,3838,700,18.2,,
184,41039002202,Lane,5730,1339,23.4,,
185,41039000904,Lane,3077,708,23,,
186,41039003101,Lane,6094,1306,21.4,,
187,41039002101,Lane,2798,642,22.9,,
188,41039001302,Lane,5189,1278,24.6,,
189,41039000800,Lane,1589,287,18.1,,
190,41039000500,Lane,2179,360,16.5,,
191,41039005100,Lane,3084,521,16.9,,
192,41039005200,Lane,2252,362,16.1,,
193,41039004700,Lane,3629,546,15,,
194,41039004900,Lane,4342,586,13.5,,
195,41039004600,Lane,2712,463,17.1,,
196,41039002002,Lane,5055,1111,22,,
197,41039005000,Lane,5178,1016,19.6,,
198,41039002404,Lane,4036,918,22.7,,
199,41039002902,Lane,3852,845,21.9,,
200,41039002201,Lane,3634,597,16.4,,
201,41039003201,Lane,3134,810,25.8,,
202,41039003000,Lane,4480,722,16.1,,
203,41039001902,Lane,6589,1887,28.6,,
204,41039001803,Lane,3973,919,23.1,,
205,41039003700,Lane,4090,142,3.5,,
206,41039002302,Lane,4629,1157,25,,
207,41039000708,Lane,2259,279,12.4,,
208,41039000707,Lane,4115,517,12.6,,
210,41025960200,Harney,2213,507,22.9,,
211,41039002504,Lane,2951,767,26,,
212,41039004405,Lane,4778,978,20.5,,
213,41039003302,Lane,3342,609,18.2,,
214,41039002904,Lane,3580,455,12.7,,
215,41039004502,Lane,3473,464,13.4,,
216,41039000705,Lane,3780,535,14.2,,
217,41039002503,Lane,7777,1967,25.3,,
218,41039004404,Lane,3433,652,19,,
219,41063960200,Wallowa,1897,378,19.9,,
220,41063960300,Wallowa,3247,624,19.2,,
221,41063960100,Wallowa,1966,303,15.4,,
222,41013950400,Crook,3835,613,16,,
223,41013950100,Crook,7111,1718,24.2,,
224,41013950200,Crook,4303,970,22.5,,
225,41013950300,Crook,5573,1152,20.7,,
226,41025960100,Harney,5341,1147,21.5,,
227,41041950800,Lincoln,3274,544,16.6,,
228,41041950900,Lincoln,3493,835,23.9,,
229,41041951000,Lincoln,2305,423,18.4,,
230,41041951100,Lincoln,1653,238,14.4,,
231,41041951200,Lincoln,1950,300,15.4,,
232,41041950100,Lincoln,3511,613,17.5,,
233,41041950400,Lincoln,3921,687,17.5,,
234,41041951800,Lincoln,3929,853,21.7,,
235,41041951300,Lincoln,2481,482,19.4,,
236,41041951400,Lincoln,2978,697,23.4,,
237,41041951500,Lincoln,2475,250,10.1,,
238,41041951600,Lincoln,3575,537,15,,
239,41041951700,Lincoln,2042,200,9.8,,
240,41041950602,Lincoln,2194,203,9.3,,
242,41041950304,Lincoln,3282,575,17.5,,
243,41041950303,Lincoln,1360,178,13.1,,
244,41041950601,Lincoln,2558,290,11.3,,
251,41051001202,Multnomah,3292,508,15.4,,
252,41051001301,Multnomah,3906,425,10.9,,
253,41051001302,Multnomah,3042,457,15,,
254,41051001400,Multnomah,4841,716,14.8,,
255,41051001500,Multnomah,3322,624,18.8,,
256,41051001601,Multnomah,6065,962,15.9,,
257,41051001602,Multnomah,4414,933,21.1,,
258,41051001701,Multnomah,6677,1145,17.1,,
259,41051001702,Multnomah,3953,767,19.4,,
260,41021960100,Gilliam,1901,348,18.3,,
261,41061970600,Union,3894,834,21.4,,
262,41061970100,Union,3415,719,21.1,,
263,41061970300,Union,2228,526,23.6,,
264,41061970200,Union,3463,803,23.2,,
265,41061970400,Union,3036,668,22,,
266,41051001801,Multnomah,4024,626,15.6,,
267,41051001802,Multnomah,3382,522,15.4,,
268,41051001900,Multnomah,5079,1178,23.2,,
269,41051002000,Multnomah,5392,466,8.6,,
270,41051002100,Multnomah,2606,168,6.4,,
271,41051002401,Multnomah,2817,634,22.5,,
272,41051002402,Multnomah,3340,260,7.8,,
273,41051002501,Multnomah,4705,1180,25.1,,
274,41051002502,Multnomah,3925,562,14.3,,
275,41061970700,Union,3266,573,17.5,,
276,41061970500,Union,3313,791,23.9,,
277,41061970800,Union,3692,892,24.2,,
278,41051002600,Multnomah,2723,642,23.6,,
279,41051002701,Multnomah,3146,788,25,,
280,41051002702,Multnomah,2695,405,15,,
281,41051002801,Multnomah,2909,563,19.4,,
282,41051002802,Multnomah,2993,539,18,,
283,41051002901,Multnomah,4506,755,16.8,,
284,41051002902,Multnomah,5355,946,17.7,,
285,41051003000,Multnomah,4458,821,18.4,,
286,41051003100,Multnomah,4690,929,19.8,,
287,41051003200,Multnomah,4074,763,18.7,,
288,41051003301,Multnomah,2959,504,17,,
289,41051003302,Multnomah,2814,499,17.7,,
290,41051003401,Multnomah,3520,701,19.9,,
291,41051003402,Multnomah,3270,537,16.4,,
292,41051003501,Multnomah,3642,593,16.3,,
293,41051003502,Multnomah,2098,312,14.9,,
294,41051003601,Multnomah,4426,832,18.8,,
295,41051003602,Multnomah,6192,1090,17.6,,
296,41051003603,Multnomah,1537,243,15.8,,
297,41051003701,Multnomah,4400,836,19,,
298,41009970200,Columbia,6129,1351,22,,
299,41009970400,Columbia,2431,490,20.2,,
300,41009970900,Columbia,4983,1187,23.8,,
301,41009970300,Columbia,4208,863,20.5,,
302,41009970500,Columbia,6375,1381,21.7,,
303,41009970600,Columbia,6188,1404,22.7,,
304,41009970700,Columbia,4207,1055,25.1,,
305,41009970800,Columbia,7114,1874,26.3,,
306,41009971000,Columbia,4743,1071,22.6,,
307,41009971100,Columbia,3622,857,23.7,,
308,41051003702,Multnomah,2549,467,18.3,,
309,41051003801,Multnomah,2968,520,17.5,,
310,41051003802,Multnomah,2975,496,16.7,,
311,41051003803,Multnomah,3915,694,17.7,,
312,41051003901,Multnomah,7322,1787,24.4,,
313,41051003902,Multnomah,3049,504,16.5,,
314,41051004001,Multnomah,7708,2442,31.7,,
315,41051004002,Multnomah,5861,607,10.4,,
316,41011000502,Coos,2927,506,17.3,,
317,41011000100,Coos,5857,810,13.8,,
318,41011001000,Coos,6925,1023,14.8,,
319,41011000400,Coos,6409,1429,22.3,,
320,41011001100,Coos,5894,1158,19.6,,
321,41011000600,Coos,2669,547,20.5,,
322,41011000700,Coos,7391,1358,18.4,,
323,41011000300,Coos,3456,680,19.7,,
324,41011000900,Coos,7460,1435,19.2,,
325,41051004101,Multnomah,7466,2048,27.4,,
326,41051004102,Multnomah,5053,938,18.6,,
327,41051004200,Multnomah,3434,594,17.3,,
328,41051980000,Multnomah,8,0,0,,
329,41051004500,Multnomah,2033,273,13.4,,
330,41051004601,Multnomah,3350,527,15.7,,
331,41045970300,Malheur,4183,947,22.6,,
332,41045970400,Malheur,5345,1816,34,,
333,41045970600,Malheur,4391,1149,26.2,,
334,41045970200,Malheur,4579,1221,26.7,,
335,41045970500,Malheur,5143,1605,31.2,,
336,41045970700,Malheur,1753,444,25.3,,
337,41011000200,Coos,2465,387,15.7,,
338,41011000800,Coos,2948,568,19.3,,
339,41011000504,Coos,6299,1196,19,,
341,41011000503,Coos,2901,644,22.2,,
342,41051004602,Multnomah,2077,508,24.5,,
343,41051004700,Multnomah,4139,384,9.3,,
344,41051004800,Multnomah,2825,96,3.4,,
345,41051004900,Multnomah,3502,200,5.7,,
346,41051005000,Multnomah,2518,104,4.1,,
347,41051005100,Multnomah,8582,326,3.8,,
348,41051005200,Multnomah,4702,159,3.4,,
349,41051005500,Multnomah,2482,66,2.7,,
350,41051005600,Multnomah,5359,78,1.5,,
352,41045970900,Malheur,5928,674,11.4,,
353,41051005700,Multnomah,3611,162,4.5,,
354,41051005800,Multnomah,5076,740,14.6,,
355,41051005900,Multnomah,6799,453,6.7,,
356,41051006001,Multnomah,1398,198,14.2,,
357,41051006002,Multnomah,2160,402,18.6,,
358,41051006100,Multnomah,2427,487,20.1,,
359,41051006200,Multnomah,2865,487,17,,
360,41051006501,Multnomah,5920,1252,21.1,,
361,41051006502,Multnomah,4090,598,14.6,,
362,41051006601,Multnomah,2550,517,20.3,,
363,41051006602,Multnomah,4884,904,18.5,,
364,41051006701,Multnomah,3040,598,19.7,,
365,41051006702,Multnomah,3073,571,18.6,,
366,41051007202,Multnomah,2783,431,15.5,,
367,41051007300,Multnomah,1947,90,4.6,,
368,41065970800,Wasco,4511,934,20.7,,
369,41065970100,Wasco,4034,913,22.6,,
370,41065970200,Wasco,2840,685,24.1,,
371,41065970300,Wasco,2913,729,25,,
372,41065970400,Wasco,2965,674,22.7,,
373,41065970500,Wasco,3530,876,24.8,,
374,41065970600,Wasco,2900,613,21.1,,
375,41065970700,Wasco,1778,363,20.4,,
376,41051009605,Multnomah,5815,1443,24.8,,
377,41051009604,Multnomah,5114,1443,28.2,,
378,41051010500,Multnomah,4030,867,21.5,,
379,41051009502,Multnomah,4428,1089,24.6,,
380,41051004300,Multnomah,1079,219,20.3,,
381,41051006300,Multnomah,5135,819,15.9,,
382,41051006402,Multnomah,5858,1270,21.7,,
383,41051006801,Multnomah,2217,464,20.9,,
384,41051007400,Multnomah,3702,1007,27.2,,
385,41051007500,Multnomah,5218,1193,22.9,,
386,41051007600,Multnomah,3529,908,25.7,,
387,41051007700,Multnomah,1987,385,19.4,,
388,41051007900,Multnomah,4462,1072,24,,
389,41051008001,Multnomah,3328,687,20.6,,
390,41051008002,Multnomah,3100,716,23.1,,
391,41051008100,Multnomah,7327,1562,21.3,,
392,41051008201,Multnomah,3027,587,19.4,,
393,41051008202,Multnomah,7877,1832,23.3,,
394,41019110000,Douglas,2796,409,14.6,,
395,41019020000,Douglas,3745,621,16.6,,
396,41019030000,Douglas,3994,768,19.2,,
397,41019080000,Douglas,7534,1344,17.8,,
398,41019120000,Douglas,7741,1853,23.9,,
399,41019130000,Douglas,5836,1180,20.2,,
400,41019140000,Douglas,5201,1069,20.6,,
401,41019160000,Douglas,7571,1668,22,,
402,41019150000,Douglas,7366,1862,25.3,,
403,41019050001,Douglas,4585,915,20,,
404,41019010000,Douglas,2309,376,16.3,,
405,41019060000,Douglas,3652,601,16.5,,
406,41019210000,Douglas,4560,850,18.6,,
407,41019090000,Douglas,5946,1124,18.9,,
408,41051006802,Multnomah,3514,764,21.7,,
409,41051006900,Multnomah,2600,557,21.4,,
410,41051007000,Multnomah,8460,2238,26.5,,
411,41051007201,Multnomah,2428,190,7.8,,
412,41051008600,Multnomah,4403,1155,26.2,,
413,41051008902,Multnomah,4075,954,23.4,,
414,41051008901,Multnomah,9724,2693,27.7,,
415,41051009201,Multnomah,8515,2295,27,,
416,41051008301,Multnomah,4430,1088,24.6,,
417,41051008302,Multnomah,4121,1095,26.6,,
418,41051008400,Multnomah,4653,1220,26.2,,
419,41051008500,Multnomah,4429,1136,25.6,,
420,41051008700,Multnomah,4631,979,21.1,,
421,41051009000,Multnomah,9760,2855,29.3,,
422,41051009102,Multnomah,6603,1787,27.1,,
423,41051009202,Multnomah,4772,1247,26.1,,
424,41051009603,Multnomah,3793,1014,26.7,,
425,41019050002,Douglas,7036,1523,21.6,,
426,41019040000,Douglas,2698,480,17.8,,
427,41019070000,Douglas,5342,941,17.6,,
428,41019180000,Douglas,4886,1048,21.4,,
431,41019100000,Douglas,3271,567,17.3,,
432,41019170000,Douglas,4005,740,18.5,,
434,41051009302,Multnomah,4399,986,22.4,,
435,41051009803,Multnomah,7108,1783,25.1,,
436,41051009903,Multnomah,6188,1473,23.8,,
437,41051010200,Multnomah,6125,1328,21.7,,
438,41051010304,Multnomah,4703,1550,33,,
439,41051010306,Multnomah,4764,1312,27.5,,
440,41051010402,Multnomah,6362,1679,26.4,,
441,41051010407,Multnomah,5739,1558,27.1,,
442,41051009400,Multnomah,6730,1157,17.2,,
443,41051009501,Multnomah,4854,1104,22.7,,
444,41051009701,Multnomah,5788,1574,27.2,,
445,41051010408,Multnomah,6243,1776,28.4,,
446,41051007100,Multnomah,2817,437,15.5,,
447,41051009301,Multnomah,6169,1692,27.4,,
448,41051010002,Multnomah,5217,1179,22.6,,
449,41051010305,Multnomah,4161,1012,24.3,,
450,41051009101,Multnomah,5686,1561,27.5,,
451,41051009804,Multnomah,3218,785,24.4,,
452,41051010100,Multnomah,9214,2111,22.9,,
453,41051009606,Multnomah,5606,1623,29,,
454,41051009702,Multnomah,8182,2344,28.6,,
455,41051009801,Multnomah,4718,1487,31.5,,
456,41051010001,Multnomah,5776,1368,23.7,,
457,41051010303,Multnomah,5736,1621,28.3,,
458,41051010405,Multnomah,6021,1470,24.4,,
459,41051010409,Multnomah,7560,2082,27.5,,
460,41051006404,Multnomah,3678,539,14.7,,
461,41051009905,Multnomah,3224,810,25.1,,
462,41051009907,Multnomah,5240,1331,25.4,,
463,41051010411,Multnomah,2983,727,24.4,,
464,41051006403,Multnomah,4028,880,21.8,,
465,41051010410,Multnomah,4603,1097,23.8,,
466,41055950100,Sherman,1823,351,19.3,,
467,41051002903,Multnomah,5326,1107,20.8,,
468,41051007800,Multnomah,1796,372,20.7,,
469,41051008800,Multnomah,4104,900,21.9,,
470,41051000100,Multnomah,6101,1096,18,,
471,41051000200,Multnomah,5733,967,16.9,,
472,41051000301,Multnomah,5187,498,9.6,,
473,41051009904,Multnomah,3734,924,24.7,,
474,41051009906,Multnomah,3631,890,24.5,,
475,41051010600,Multnomah,3513,71,2,,
476,41051002303,Multnomah,2119,146,6.9,,
477,41051002203,Multnomah,3401,479,14.1,,
478,41031960100,Jefferson,2234,335,15,,
479,41031940000,Jefferson,3140,1089,34.7,,
480,41031960302,Jefferson,4243,1059,25,,
481,41031960202,Jefferson,5570,1482,26.6,,
482,41031960201,Jefferson,3421,1025,30,,
483,41031960301,Jefferson,3560,506,14.2,,
484,41051000302,Multnomah,6957,1643,23.6,,
485,41051000401,Multnomah,3482,619,17.8,,
486,41051000402,Multnomah,3681,642,17.4,,
487,41051000501,Multnomah,3730,676,18.1,,
488,41051000502,Multnomah,4632,931,20.1,,
489,41051000601,Multnomah,5467,1475,27,,
490,41051000602,Multnomah,5072,1242,24.5,,
491,41051000701,Multnomah,4290,712,16.6,,
493,41037960100,Lake,2833,554,19.6,,
494,41043030600,Linn,6991,1955,28,,
495,41043030300,Linn,2371,459,19.4,,
496,41043020100,Linn,9352,2170,23.2,,
497,41043020200,Linn,1766,313,17.7,,
498,41043030700,Linn,4089,815,19.9,,
499,41043020300,Linn,7271,1822,25.1,,
500,41043020600,Linn,8851,2137,24.1,,
501,41043030100,Linn,6071,1357,22.4,,
502,41043030500,Linn,4240,928,21.9,,
503,41043030902,Linn,7085,1576,22.2,,
504,41043020500,Linn,4007,827,20.6,,
505,41043030401,Linn,6421,1543,24,,
506,41043030903,Linn,6309,1499,23.8,,
507,41043030200,Linn,6854,1574,23,,
508,41043020400,Linn,4175,978,23.4,,
509,41043030800,Linn,7927,1851,23.4,,
510,41043030402,Linn,6779,1593,23.5,,
511,41043030904,Linn,4016,983,24.5,,
512,41051000702,Multnomah,4918,909,18.5,,
513,41051000801,Multnomah,4522,735,16.3,,
514,41051000802,Multnomah,4554,733,16.1,,
515,41051000901,Multnomah,4067,642,15.8,,
516,41051000902,Multnomah,4406,731,16.6,,
517,41051001000,Multnomah,5504,697,12.7,,
518,41051001101,Multnomah,2178,95,4.4,,
519,41051001102,Multnomah,1375,149,10.8,,
520,41051001201,Multnomah,5136,446,8.7,,
521,41043020700,Linn,5560,1412,25.4,,
522,41043020802,Linn,6047,1772,29.3,,
523,41043020801,Linn,2470,545,22.1,,
524,41005022907,Clackamas,4204,1359,32.3,,
525,41005022904,Clackamas,3549,1048,29.5,,
526,41005022905,Clackamas,4185,1017,24.3,,
527,41005023002,Clackamas,3560,726,20.4,,
528,41005023001,Clackamas,3444,743,21.6,,
529,41005023403,Clackamas,4931,1392,28.2,,
530,41005023404,Clackamas,6062,1584,26.1,,
531,41005023902,Clackamas,4922,1351,27.4,,
532,41005023901,Clackamas,5067,1556,30.7,,
533,41005024303,Clackamas,3211,593,18.5,,
534,41005024304,Clackamas,2484,431,17.4,,
535,41067031909,Washington,4793,1558,32.5,,
536,41067031812,Washington,5640,1116,19.8,,
537,41067031912,Washington,4497,1185,26.4,,
538,41067031616,Washington,3121,472,15.1,,
539,41067031609,Washington,8840,2026,22.9,,
540,41067032700,Washington,4877,1134,23.3,,
541,41067031509,Washington,3335,884,26.5,,
542,41067031514,Washington,6823,1982,29,,
543,41067031513,Washington,11765,4089,34.8,,
544,41067030101,Washington,7754,1071,13.8,,
545,41067030102,Washington,5308,1211,22.8,,
546,41067031615,Washington,5531,1621,29.3,,
547,41067032408,Washington,6452,1769,27.4,,
548,41067032608,Washington,2275,491,21.6,,
549,41067032610,Washington,2894,885,30.6,,
550,41067031805,Washington,7074,1892,26.7,,
551,41067031814,Washington,4156,1227,29.5,,
552,41067032107,Washington,1942,450,23.2,,
553,41067032104,Washington,4874,1514,31.1,,
554,41067032001,Washington,5614,1312,23.4,,
555,41067032410,Washington,3940,1181,30,,
556,41067032502,Washington,2941,769,26.1,,
557,41067032501,Washington,3526,680,19.3,,
558,41067032409,Washington,5256,1918,36.5,,
559,41067033302,Washington,5066,1283,25.3,,
560,41067032606,Washington,6578,1815,27.6,,
561,41067031614,Washington,4814,1443,30,,
562,41067032407,Washington,5160,1543,29.9,,
563,41067032108,Washington,4277,1085,25.4,,
564,41067033301,Washington,5589,1656,29.6,,
565,41067031815,Washington,6443,1639,25.4,,
566,41067031617,Washington,4943,896,18.1,,
567,41067032800,Washington,1238,248,20,,
568,41067032110,Washington,3604,448,12.4,,
569,41067032109,Washington,3060,1030,33.7,,
570,41067032003,Washington,3853,957,24.8,,
571,41067032004,Washington,1975,451,22.8,,
572,41067032005,Washington,4293,1250,29.1,,
573,41067030806,Washington,2678,760,28.4,,
574,41067032607,Washington,3453,314,9.1,,
575,41067032609,Washington,2239,601,26.8,,
576,41067033101,Washington,2916,710,24.3,,
577,41067033102,Washington,3245,841,25.9,,
578,41067032901,Washington,5711,1763,30.9,,
579,41005022103,Clackamas,5917,1667,28.2,,
580,41005020304,Clackamas,5323,1424,26.8,,
581,41005020303,Clackamas,5478,876,16,,
582,41005021801,Clackamas,5633,1108,19.7,,
583,41005021802,Clackamas,4256,1021,24,,
584,41005020503,Clackamas,2168,494,22.8,,
585,41005023201,Clackamas,4280,910,21.3,,
586,41005024100,Clackamas,4975,1122,22.6,,
587,41005023500,Clackamas,5836,1243,21.3,,
588,41005023600,Clackamas,3879,732,18.9,,
589,41005024200,Clackamas,5834,1331,22.8,,
590,41005024000,Clackamas,2797,684,24.5,,
591,41005024302,Clackamas,4962,1043,21,,
592,41005023700,Clackamas,4699,978,20.8,,
593,41005020100,Clackamas,3890,915,23.5,,
594,41005020200,Clackamas,6350,1219,19.2,,
595,41005020302,Clackamas,3562,784,22,,
596,41067033200,Washington,6603,1605,24.3,,
597,41005020401,Clackamas,5261,1214,23.1,,
598,41005020404,Clackamas,3869,926,23.9,,
599,41005020501,Clackamas,7026,1906,27.1,,
600,41005020504,Clackamas,6322,1515,24,,
601,41005020600,Clackamas,8190,2147,26.2,,
602,41005020700,Clackamas,3859,1029,26.7,,
603,41067031504,Washington,6311,1387,22,,
604,41067031611,Washington,7072,1588,22.5,,
605,41067031705,Washington,5061,1522,30.1,,
606,41067031610,Washington,7917,1707,21.6,,
607,41067031511,Washington,3129,872,27.9,,
608,41067031403,Washington,4959,1178,23.8,,
609,41067032103,Washington,10119,3295,32.6,,
610,41067031612,Washington,3321,905,27.3,,
611,41005020800,Clackamas,3873,709,18.3,,
612,41005020900,Clackamas,3807,790,20.8,,
613,41005021000,Clackamas,4609,1012,22,,
614,41005021100,Clackamas,5562,1171,21.1,,
615,41005021200,Clackamas,3916,647,16.5,,
616,41005021500,Clackamas,5033,938,18.6,,
617,41067030300,Washington,4675,1041,22.3,,
618,41067030401,Washington,4411,844,19.1,,
619,41067030402,Washington,4540,802,17.7,,
620,41067030501,Washington,5537,1040,18.8,,
621,41067030600,Washington,5280,1064,20.2,,
622,41067031512,Washington,7480,2210,29.5,,
623,41067031300,Washington,7301,1599,21.9,,
624,41005021601,Clackamas,5809,1412,24.3,,
625,41005021602,Clackamas,5200,1214,23.3,,
626,41005022101,Clackamas,6690,1453,21.7,,
627,41005022201,Clackamas,4783,963,20.1,,
628,41005022602,Clackamas,4386,992,22.6,,
629,41005022400,Clackamas,4029,860,21.3,,
630,41067031404,Washington,4720,1073,22.7,,
631,41067031402,Washington,2934,576,19.6,,
632,41067031806,Washington,5495,1369,24.9,,
633,41067031807,Washington,3596,724,20.1,,
634,41067031904,Washington,2879,647,22.5,,
635,41067032406,Washington,8740,2516,28.8,,
636,41067032200,Washington,8056,2354,29.2,,
637,41067032300,Washington,4774,1302,27.3,,
638,41067032603,Washington,7240,2227,30.8,,
639,41067032404,Washington,7476,2029,27.1,,
640,41067032503,Washington,3569,897,25.1,,
641,41067032604,Washington,6122,1669,27.3,,
642,41067031606,Washington,5947,1713,28.8,,
643,41067031613,Washington,6983,1819,26,,
644,41005022500,Clackamas,7812,1826,23.4,,
645,41005022901,Clackamas,3435,932,27.1,,
646,41005022702,Clackamas,6713,1685,25.1,,
647,41005023202,Clackamas,6630,1720,25.9,,
648,41005021700,Clackamas,6076,1212,19.9,,
649,41005021900,Clackamas,3484,902,25.9,,
650,41005022000,Clackamas,6399,1405,22,,
651,41005021400,Clackamas,4842,899,18.6,,
652,41067031706,Washington,5148,1380,26.8,,
653,41067031703,Washington,4793,1286,26.8,,
654,41067031704,Washington,8305,2214,26.7,,
655,41067031804,Washington,6014,1665,27.7,,
656,41067030200,Washington,5989,1230,20.5,,
657,41067030900,Washington,5293,1413,26.7,,
658,41005021300,Clackamas,5922,1297,21.9,,
659,41005023100,Clackamas,6109,1217,19.9,,
660,41005023300,Clackamas,4977,1032,20.7,,
661,41005023401,Clackamas,4409,831,18.8,,
662,41005022800,Clackamas,3995,385,9.6,,
663,41005023800,Clackamas,6585,1448,22,,
664,41005980000,Clackamas,297,50,16.8,,
665,41005020505,Clackamas,2794,568,20.3,,
666,41005020403,Clackamas,3620,900,24.9,,
667,41005022107,Clackamas,3772,865,22.9,,
668,41005022105,Clackamas,6358,1527,24,,
669,41005022108,Clackamas,2826,600,21.2,,
670,41067031003,Washington,7416,1616,21.8,,
671,41067031004,Washington,7000,1500,21.4,,
672,41067031005,Washington,5720,1444,25.2,,
673,41067031006,Washington,6246,1409,22.6,,
674,41067031100,Washington,2728,611,22.4,,
675,41005022206,Clackamas,6564,1531,23.3,,
676,41005022205,Clackamas,3402,831,24.4,,
677,41005022208,Clackamas,6380,2021,31.7,,
678,41005022207,Clackamas,5122,1465,28.6,,
679,41005022301,Clackamas,3840,946,24.6,,
680,41005022708,Clackamas,3925,1143,29.1,,
681,41005022302,Clackamas,5289,1219,23,,
682,41005022606,Clackamas,4470,1158,25.9,,
683,41067031200,Washington,7441,1779,23.9,,
684,41067031507,Washington,5219,1375,26.3,,
685,41067031508,Washington,7749,2275,29.4,,
686,41067030502,Washington,3866,764,19.8,,
687,41067032902,Washington,7647,2392,31.3,,
688,41067030803,Washington,4843,765,15.8,,
689,41067031506,Washington,3887,993,25.5,,
690,41023960200,Grant,5442,1027,18.9,,
691,41023960100,Grant,2126,388,18.3,,
692,41005022605,Clackamas,7331,1720,23.5,,
693,41005022603,Clackamas,3204,987,30.8,,
694,41005022707,Clackamas,3993,1024,25.6,,
695,41005022710,Clackamas,2842,710,25,,
696,41005024400,Clackamas,6396,1654,25.9,,
697,41005022906,Clackamas,2940,622,21.2,,
698,41067030700,Washington,1546,287,18.6,,
699,41067030801,Washington,6974,1579,22.6,,
700,41067033000,Washington,5512,1164,21.1,,
701,41067033400,Washington,2353,570,24.2,,
702,41067033500,Washington,4045,1172,29,,
703,41067033600,Washington,2284,482,21.1,,
704,41067031911,Washington,4915,1058,21.5,,
705,41067031910,Washington,8131,2253,27.7,,
706,41067030805,Washington,3771,673,17.8,,
707,41067031907,Washington,5551,868,15.6,,
708,41067031908,Washington,6907,1925,27.9,,
709,41067031813,Washington,5818,1504,25.9,,
710,41047010801,Marion,5917,1653,27.9,,
711,41047010802,Marion,6235,1596,25.6,,
712,41047010702,Marion,6364,1469,23.1,,
713,41047001501,Marion,4437,1053,23.7,,
714,41047010501,Marion,5485,1264,23,,
715,41047001200,Marion,3598,706,19.6,,
716,41047001300,Marion,3969,802,20.2,,
717,41047010400,Marion,5210,1404,26.9,,
718,41047000900,Marion,5930,1207,20.4,,
719,41047001601,Marion,7810,2072,26.5,,
720,41047001702,Marion,5774,1763,30.5,,
721,41047002800,Marion,4092,895,21.9,,
722,41047001703,Marion,4347,1139,26.2,,
723,41047001603,Marion,6975,2121,30.4,,
724,41047002301,Marion,3180,821,25.8,,
725,41047010303,Marion,4884,1577,32.3,,
726,41047001000,Marion,3883,1071,27.6,,
727,41047001801,Marion,6575,1824,27.7,,
728,41047010304,Marion,6507,2413,37.1,,
729,41047010502,Marion,5877,1716,29.2,,
730,41047010100,Marion,1455,404,27.8,,
731,41047001503,Marion,5545,1711,30.9,,
732,41047001701,Marion,6345,1903,30,,
733,41047000200,Marion,3356,277,8.3,,
734,41047000600,Marion,5036,1086,21.6,,
735,41047001100,Marion,4904,1069,21.8,,
736,41047000300,Marion,5065,1361,26.9,,
737,41047002700,Marion,8666,1707,19.7,,
738,41047001802,Marion,7669,2504,32.7,,
739,41047010503,Marion,3888,1005,25.8,,
740,41047002000,Marion,9243,2339,25.3,,
741,41047001803,Marion,5328,642,12,,
742,41047010701,Marion,7944,2155,27.1,,
743,41047002400,Marion,3576,755,21.1,,
744,41047001502,Marion,5317,1655,31.1,,
745,41047000400,Marion,4994,1527,30.6,,
746,41047001602,Marion,9254,2924,31.6,,
747,41047001604,Marion,8436,2421,28.7,,
748,41047010600,Marion,2507,502,20,,
749,41047002600,Marion,2077,547,26.3,,
750,41047010305,Marion,4799,1553,32.4,,
751,41047000502,Marion,5288,1751,33.1,,
752,41047001401,Marion,5740,1330,23.2,,
753,41047002502,Marion,5123,1224,23.9,,
754,41047000501,Marion,3780,1258,33.3,,
755,41047002102,Marion,6172,1435,23.3,,
756,41047002303,Marion,7250,1852,25.5,,
757,41047002202,Marion,6275,1541,24.6,,
758,41047002101,Marion,2294,430,18.7,,
759,41047002501,Marion,9063,2431,26.8,,
760,41047002304,Marion,5180,1121,21.6,,
761,41047010202,Marion,7498,2117,28.2,,
762,41047010307,Marion,5910,1074,18.2,,
763,41047010201,Marion,2671,597,22.4,,
764,41047002201,Marion,2036,461,22.6,,
765,41069960100,Wheeler,1491,261,17.5,,
766,41047010306,Marion,9009,2909,32.3,,
767,41047001402,Marion,5737,1408,24.5,,
768,41047000701,Marion,8256,1600,19.4,,
770,41035970100,Klamath,3117,417,13.4,,
789,41017001200,Deschutes,7071,1575,22.3,,
790,41017001300,Deschutes,11199,2572,23,,
791,41017001400,Deschutes,5562,1193,21.4,,
792,41017001500,Deschutes,5734,1128,19.7,,
793,41017001700,Deschutes,7879,1945,24.7,,
794,41017002000,Deschutes,7009,1640,23.4,,
795,41017002100,Deschutes,11186,2947,26.3,,
796,41017001600,Deschutes,5260,1019,19.4,,
797,41017001100,Deschutes,10460,2525,24.1,,
798,41017000700,Deschutes,7751,1898,24.5,,
799,41017000800,Deschutes,6472,1706,26.4,,
800,41017000900,Deschutes,7156,1839,25.7,,
801,41017001800,Deschutes,7730,1556,20.1,,
802,41017000100,Deschutes,1908,330,17.3,,
803,41017000200,Deschutes,4691,783,16.7,,
804,41017000300,Deschutes,8131,1545,19,,
805,41017000500,Deschutes,6054,1276,21.1,,
806,41017000600,Deschutes,6633,1025,15.5,,
807,41017000402,Deschutes,2819,378,13.4,,
808,41017001902,Deschutes,8450,2071,24.5,,
809,41017001901,Deschutes,1691,319,18.9,,
810,41017001002,Deschutes,2362,466,19.7,,
811,41017001001,Deschutes,13142,3482,26.5,,
812,41017000401,Deschutes,4860,1097,22.6,,
813,41001950200,Baker,3060,666,21.8,,
814,41001950300,Baker,2737,608,22.2,,
815,41001950400,Baker,3046,620,20.4,,
816,41001950500,Baker,2652,533,20.1,,
817,41001950600,Baker,1943,285,14.7,,
818,41001950100,Baker,2783,501,18,,
